id,0,1,2,3,duration
_88s3ichj70s3cb9h6gq42b9k8kojab9p8h2j0ba58l2k6h1l68o4ac2364,billie jean,,,,1.5
_68r44cpl6spjeba16kpk4b9k6co4cb9p8ks3aba689246ca664s3gdpo64,biology,energy + transport,,,3
_8923ica288qjcb9m6gojgb9k6gsj6ba264o3ab9n8513ah9g8l0jig9l6k,biology,macro molecules,,,1
_8h248d1k60pjcb9i8op4ab9k8l136b9o690k4ba688qk8ghh8cs3ae2468,biology,origin of life,,,2
_8gojch1l74q44ba36h0jeb9k712j6ba1612kcb9k8cq3cgi38p0jic1m70,biology,origin of life investigation,,,1
_70rj8h1h88oj6ba16h134b9k8ook4b9p68qjcb9k6l0j0hi48csk8ci58g,biology,respiration + photosynthesis,,,3
_692k8h9g6crjgba484qk4b9k6kqj2ba188r3ab9j64q4ae9l84rj0hhn84,think,categorize thoughts,,,3
_8co3agi26co30b9j8co44b9k6gq32ba184rj0b9j851jch9l6h23ac258g,think,categorize thoughts,,,2
_6sq38h266gr3gba68gp34b9k64qj8b9o612k4b9o60r42e1k6cpj2g9h6g,think,categorize thoughts,,,2
_88p3eci270q44b9o8gs3eb9k6d0j2ba28l238b9j8opjed2684o36gpm6k,cleanup,bathroom,,,1
_6crjid1o8crk2ba488sk8b9k88q3eba18co36b9j6gs36d1j6l234ha474,cleanup,bathroom,,,1
_74ok8h1o8co30b9p6kok8b9k6grjaba260okcb9j6t2j6c2264sk2ghm6o,cleanup,bathroom,,,1
_8d33iha58924cb9g6h13gb9k60p3eb9p6h0k4b9g8gp3eea265334dq16o,cleanup,bookmarks,,,2
_8h348d9l8ko34ba48crj0b9k610kab9o6p2k8b9i65132c26710j4hi464,cleanup,email,,,1.5
_6crj8dph650j8ba26p2j6b9k8krkaba28koj8ba568ojegq384p44dq274,cleanup,email,"linkedin, flyingblue...",,1
_6osk6e218kp38b9m6t148b9k8h2kcba26kp42b9h84pk8gi16so3ic1o60,cleanup,email,,,2.5
_6l1jadpo84q42b9j68pj0b9k64rj4b9p6kpkab9h6cq48hi6611k6hhp74,cleanup,email,,,4
_88rkcdhh6csj8b9p8ook2b9k6gqj6ba16p33cba38h13icpp7533gdpm6c,cleanup,email,,,4
_6sp32h246t0jcb9o6p1kab9k6d0jiba26or4ab9g88q34c9o65346c9l8o,cleanup,email,,,4
_6h13gh1k8gq48ba288qjcb9k8d23gba2710kab9p692k6cq48go4ad9g6c,cleanup,kitchen,,,1
_6d1k8gi48oq3gb9k8ooj4b9k70p4aba28ksjeb9h88rjidi58p2jadhj8g,cleanup,mail,,,2
_6kpkcd9n8l13cb9m710kab9k64rj6ba164qk2b9p8op3ighh8l1k2gq564,cleanup,"mail: aws compensation, betterturnkey",,,2
_691kcd237133ab9h8d33ab9k60q3eb9o88rk4ba374okce1m6ks38c1n6g,cleanup,"mail: coachell hotel, read articles",,,1
_8kqk8g9j70pjgba36p1jab9k74s30b9o88p38ba16t0jagph6gqjghhg84,cleanup,,,,2.5
_8d0jacph7113gba48h1k8b9k6ksjab9p6h24cb9n74p38c9o64r34gi184,donation,,,,2
_712j0h9o7533cb9l8gs38b9k752jcba264pk6ba28d1j2gq4710jed1l70,economics,commodity market research,,,2
_6cpjiha570pkab9m6kq46b9k6p2j8ba16op46b9m84r4cgq684pjagq464,economics,commodity market research,,,2
_68s48hhi60o3iba170qjcb9k6gr3gb9p8gqjib9p652jec1l6l130da368,economics,marxism,,,2
_64o3gcq660qkcb9j752kcb9k6gojeb9o6spjeb9h850k2cq66kqk8d1i6g,economics,political view vs. gdp growth vs. federal spending,,,2
_6crk8ci164rjib9i6or3cb9k6h33cb9p70qk2b9i652j6dq370sj4chm84,economics,us gdp,,,3
_6oq3gga584rjab9n6kq44b9k6krkcb9p6t2k6b9k6gsj8c1m611j0h258g,filemaker,,,,1
_85236gq66cs36b9k88pjib9k6or3gba168sk4ba16ko46di18p1jic9m8o,food,nutrition calculator,,,3
_6opjge9h74r3iba16krjgb9k74s48b9p60qj4b9n85132e1l6cok4h1g6c,garageband,,,,3
_6ksjec9j852jcb9p6gq38b9k652kab9o8l1jeb9g60rj8dhi8ko3aha68g,garageband,,,,1
_74pj6h9l8h0j2b9k84s4ab9k6t33eb9o60sk8ba5751jee9k8cpk4e1k74,shiran,github tutorial,,,2
_8l1j4d1i68s48b9k6d1j4b9k8osjgb9o6t24cba464q3cc1k70qj6h9k6k,green card,passport photo,,,2
_8goj4ci48crj4b9g6l1k6b9k6t0jcba274q32ba664ok8d9k84r32ca36k,green card,shiran application,,,5
_7113ch1h70qj2ba16934ab9k691j4ba16533eb9o6d2kae9m6t1j8h218k,green card,uscis questions,,,1
_6sqjiha16gsjiba484q4cb9k60sj0b9p8l0j8ba68ksj6d9n8ko38g9p6g,haircut,,,,1
_6913ad9o752k6b9o752k2b9k6h0kcb9p6oskaba488okaci460s4ahhm6c,haircut,,,,1
_6t23gd9l64ojgb9i74r34b9k8l1jgb9o68ojiba1712k8ca46cqj4di684,haircut,,,,1
_68q30gi16h132ba56gokcb9k64o46b9p74p34b9k61136dq38gr38g9o60,haircut,,,,1
_8gr42h266d332b9n6cpk2b9k88q34ba264skab9o70rk8e9g8oo44ha66c,haircut,,,,1
_6cpk4dhp8gq30b9o84rk8b9k8oskcb9o64p34b9m60s38ghj8h2j8gi16k,haircut,,,,2
_60q3ic1k6d2j4b9n851j0b9k70s3ib9p6p2jcba68l242ca48p13cdi470,haircut,,,,1
_8os30h1i64oj8b9l6oojcb9k68p3cba1752j4ba26ks4cea668q3gh9j60,haircut,,,,1
_8l33achm6t336ba46t1jgb9k8l2k8ba16d0k6ba68cp3edhp85346ga16s,health,set doctor appointments,,,2
_8p132chi6p1jaba268sjib9k6h348ba16gojeb9k6t0kccpk6ks3gcpi6k,health,shiran,fertility,,4
_70rjichk8gqjgba56t2j8b9k692j2ba28d348b9j70s38h228kr3ae9k8o,history,600,1600,,4
_8kqk4e9k8oojib9h8csj8b9k84sk4ba16oojeba270qkaca58opjih9p68,history,1600,,,2
_89332gi38h0jab9p6sokab9k7124aba18krj6b9l8kq3gdpl8l2jce1o6s,history,1600,,,2
_7523gcpp8csk6b9p8p33eb9k64q36ba16kpk8ba16ks48e2368oj4da38k,history,world history,,,1.5
_70r32cpi8p2k4b9g60qj0b9k6ssj8b9p6ooj6b9k7523gghl6kpj4e1l84,hungover,,,,11
_68s4ae1i8gsj6b9j74pj6b9k6krkab9p84r46b9m74r3cdhk6os3ggi568,interview,preparation,,,2
_6534cdph68sjgb9p8ooj8b9k6os46b9o84ojcb9n6l2k8ha174ok6hhh84,interview,preparation,,,2.5
_6p33ge2388q42b9j6514cb9k710j6b9p70o30b9g852jecpp6t330h9o8k,interview,solve interview questions,,,2
_6krkaea26cp42b9o6t2jib9k6cojeb9o6p0jab9j8gqk8e1m60rk4cpi88,investments,buy and dump dividend stock,,,1
_6co4cea684qk4b9h8l23ab9k8h13cba1690kcb9n6cpk8gpi84q30d1g8c,investments,compare crypto exchange,,,2
_84q34gq38p1j0ba668qk8b9k6t238b9p8kpjiba56d34acho8p0j0ghp8k,investments,how to read a financial report,,,2
_651j2ga56osjib9n68ok8b9k84pjgba18l1k2b9n6h0j2e1g6cq38da364,investments,ib vs. robinhood,,,1
_68o3eh1g651jab9g6l23cb9k8gq32b9o6l2k8b9h88rj0ea27513gcpp74,investments,quantopian,find best sharpe,,4
_6ko36cpk6cokaba36sqk8b9k8oq3cba16orjeb9h6h33ccpn84pj0cq18c,investments,quantopian,find best sharpe,,4
_6t1j0da384s4aba560rj0b9k851kaba170o34ba488qj4dhp8opkccho6g,investments,quantopian,,,3.5
_74oj4h9i70r44ba46sq36b9k6h1kcb9p8crj6ba68h23ge1l6gqj2g9l60,investments,quantopian,tutorial,,4
_6oq3ah9l70qj8ba36l1kab9k85248ba16t338b9h88q34dq2690k8dpg6k,investments,quantopian,lectures 1,9,4
_84ok6c1h6cqkab9k6d2j4b9k8l0k8ba28cr3iba36srjaci56cpj2gpk8o,investments,quantopian,lectures 10,13,1
_6d23gcq168s3eb9i74pjcb9k612k6b9o6gqk4ba26kq34ghh711kcghn8k,investments,quantopian,lectures 14,19,3.5
_6oskcd1i652j6ba48cp4ab9k6op3gb9o75246b9o8l0k2dph8d132g9o68,investments,quantopian,lectures 20,24,1
_8kr48gi384q4cb9n8ks3cb9k8kr44b9o60p42b9p6cr3ch226h2j8cho8c,investments,quantopian,lectures 20,24,3
_70o48ci18oqj6b9i6cp44b9k70q3ib9p6gqj4ba364rj2ea38kpjidhj6c,investments,quantopian,lectures 24,28,2.5
_6cpk8c1n692jeb9p70pjgb9k84rk8b9o8gsjeb9l6933ega66go34d9k6k,investments,quantopian,lectures 29,33,2.5
_6h2j0ea160okcb9k6gs3gb9k6h334ba26kok4ba58kq3ec238grj0e1o6o,investments,quantopian,lectures 33,40,6
_68qj6cpp6l244b9l8l1kcb9k6cskaba174rkab9h6cr36d2560rjeci168,investments,quantopian,lectures 40,43,2
_64o3ic9p6or3eb9k6t1jab9k8go32ba160rj0b9p70rjiga56csk8c1j84,investments,quantopian,lectures 44,50,2
_852k2ea58kojeb9p88p4ab9k6h0jgb9o8l33aba48p238hhh6h13ggq568,investments,quantopian,lectures 52,56,2
_6opj8ci284p3aba169234b9k6d2k8b9p88p4cb9o6t230cpg8gsj2gi66g,investments,quantopian,correlation p/e and growth,,3
_68p3id1k6d1kcb9h70p3ib9k70s38b9o74pj8b9p6oo48g9h6534adi16g,investments,quantopian,correlation p/e and growth,,3
_6p1j6cpi7513gb9p68p3ab9k8h33ib9p6d0k6b9m70s3cc1l8or44hhj6o,investments,quantopian,stock clustering,,3
_70qk2gi164s3gb9n8p338b9k8cr46b9p8924aba58p244c1h8cs4ac1n68,investments,quantopian,ben graham technique,,3
_70o48h9j70o34ba38d2jgb9k60q46ba1890k4ba36h2k2dq260s42gq36o,real estate,find a lender + sign on birmingham,,,3
_8oo4cca568p38b9i6cok2b9k8d14aba18ksj4b9i8p24cea68cqj6da664,real estate,birmingham,loan,,2
_8l2kch9i6d1j6b9p8cpk6b9k6p2k8ba26p2j6b9j6gq30dpi6sr38ea568,investments,warren buffet letters,,,1
_8csj2d1o8h33ib9j8p338b9k68pk8b9o64s48b9n6cp48cpk8cs48chi6o,investments,zipline,ingest data,,2
_6cpj4c21710j6ba188pk4b9k74pk2b9o6koj4b9k6534agpn64r3ad9i6g,investments,zipline,ingest data,,3
_8h2j6da688o30ba56gr4ab9k710k6b9p61244b9i60q3gea46srk4g9m88,investments,zipline,ingest data,,4
_6d14ac9i60pk4b9g6gqk8b9k64r4cba16d33iba58gsj8d1o64q3ghi584,learn,course,ml,andrew ng,3
_6d242ha38ko42ba16d332b9k8kqkcb9o6gr30ba588pjgghk68qj0h1j74,learn,course,ml,andrew ng,3
_852j2dhn8oqj4b9k68q4cb9k712jiba2852k2ba4610k2dpl70pk6ga468,learn,course,ml,andrew ng,1
_6l236cpk6co34b9h6h33cb9k60p3aba28cqj4ba16oqjegpi6srjac2188,learn,coursera,rnn,1,4
_65136hhn84q3ib9p6kqj2b9k8l234b9p612kcb9p8gr3gc1k8p138cpj84,learn,coursera,rnn,2,2
_8cp42e9i6oo30ba57514cb9k68qj2ba270pjgb9j6cq3adq370sj6hho70,learn,coursera,rnn,2,4
_6ko38h22752kcb9i6d2kcb9k6cr42ba18gp30b9l68o46d1i6ko34hhi6k,learn,coursera,rnn,3,1
_89146dhi6t1k8b9n650jeb9k6ss3aba174q3iba560o3ccq560q44gpo60,learn,coursera,rnn,3,1
_7124cc1m8osjcb9p74qjgb9k7533ab9p711kaba57514ae1i8h148cpi60,learn,coursera,rnn,3,1
_88qk2e1g88o3cb9k6h1j4b9k6gok6b9o68rj4b9k8gp44e9l6h2j8e1l64,learn,coursera,rnn,3,1
_692j4ga48513cb9o8513eb9k68qk8ba18cpjgb9h8cpk8h248d330g9i70,learn,cpa,far,,2
_690k8dhg68sj8b9n6grk2b9k75230ba274q36b9n8l332d1n8gqjeha564,learn,history,classic preiod,,3
_84o30c1k88q38b9n890j0b9k60sjaba26t346ba668qkch1i68sjigq68o,learn,history,classical preriod,,3
_750j2gq58gqjib9i6srk2b9k68ok6b9o6l1k8b9j70r3eh1l6oq4ccq670,learn,khan academy,personal finance,,3
_7533adhp68pk2ba16sp4cb9k8913cba18923iba169230e9h88sjae246k,ml,anrew ng,book,,1
_8523eda48l23gba36cp3ib9k70q42ba28h2k6ba2752j6gq68h1jig9p8k,ml,anrew ng,book,,1
_64rkcd2465246b9l8osk8b9k8gqjaba28co36ba6891k2h266koj4ghh6c,ml,anrew ng,book,,2
73ltv6sn0jlqkn39h53ssdtm6l,ml,baylearn2018,,,5.5
_88q44d9h712jcb9p6t338b9k6csj0ba26srk4ba6711jichl64pj0h9m6g,ml,deep learning,fast.ai,,2.5
_65246c1g8kr44ba66oo3ab9k84p46ba18d238b9p84ok4d1i752k8e9j8k,ml,deep learning,fast.ai,set up aws,3
_652jeea26l23gb9p8gp34b9k6kojaba18kpk2ba4710k4e9j8krk4c9j6s,ml,deep learning,fast.ai,aws setup,2
_6os3ighg70rjib9j88o34b9k64s3iba26kqjcb9g64r44h9j65230g9j6k,ml,deep learning,fast.ai,experiment,3
_60sj8c9i6co3ab9o8l1k2b9k8ko3eba26sojib9i68p32e1m691k2di38k,ml,deep learning,fast.ai,practice 2,1
_6srj2ghj6kskcb9g892jgb9k6d2kaba270s44b9g6krj6c1h8kr44ca36s,ml,deep learning,fast.ai,setup self aws,3
_6cpjcha28gq46b9k6p23cb9k6kpj6b9o8oqkcb9j6t1kcdpo8ksj2ea584,ml,deep learning,fast.ai,dog and cat redux,2
_68rj4hi48cr3eb9g712k4b9k8gp32b9o74r32b9l8d1k8ea360pj0cpk6c,ml,deep learning,fast.ai,aws cli + lesson 2,2
_8oq3adpl8p0jab9g84s34b9k68o3cba26gsj0b9n6gp38dq66sq46g9n8c,ml,deep learning,fast.ai,"practice 3,4",3
_6t346d9m84r3cb9h6d0k4b9k84o3gb9p6d336ba36osjiea28cr44h266o,ml,deep learning,fast.ai,"practice 5,6",3
_6kq48ghm6134cb9m64q3gb9k84qjcba18goj4b9m6p238gq66soj4ci260,ml,deep learning,fast.ai,practice 7,4
_6cq3igq38l1j2ba26ks3cb9k74okab9p6d0k4b9k70pj4c9m6l1j4dhn6g,ml,deep learning,fast.ai,what to do,1
_751j6h9j74pjeb9k74sk4b9k64qkab9o6sr4cb9p68sj8ha46sqk2h1m8o,ml,deep learning,fast.ai,implement 3,2.5
_891jee1l6d1kaba58d0jgb9k6sqk4b9p84r48b9l6t0j4h1p74s3aha16s,ml,deep learning,fast.ai,implement 3 - rossman,2.5
_692j8g9h85242b9p8gqk8b9k8ksj4ba18opj6b9k68s3eh1h74o3edq68c,ml,deep learning,fast.ai,implement 3,12
_68rj4ga1710k2ba570s44b9k610jeb9o6so4ab9j88p3edph6kpj0c9n6c,ml,deep learning,fast.ai,implement 3,1.5
_6h34cha464rk2b9o6kpk8b9k60o36b9o6gsj0b9o8p0k6cpp8p2j4ga184,ml,deep learning,fast.ai,implement 3,1.5
_65144h1h6h330b9l84s42b9k8grj0b9o6h2k4b9p60ojcchg85138e9p60,ml,deep learning,process indicators,,3
_6gpjagpm68p48ba26oq3cb9k6kq3gb9o8d144b9i8p2kcea670p3ihi260,ml,deep learning,fast.ai,process indicators,3
_6p234chh6kq3gb9o64qkcb9k6p136ba28gp32b9p751kcc1g84s44e9k68,ml,deep learning,fast.ai,implement 3,12
_6opkaghk8h236b9j74pk6b9k6osjeb9o8513eb9p6d0j2gi48p1k4c1j64,ml,deep money,friends meeting,,4
_8gqj2dph84p36b9j8h2jab9k64q42b9o8p334b9p70q3adhi68r3ch2664,ml,deepmoney,plan,,3
_6gr44d1j6sqjab9j8cqj2b9k74sjgb9p8kp3gb9m6sq3gh9h60rj6c1l6g,ml,deepmoney,keras,tutorial,3
_8ks3adho692kaba26l2kcb9k6gpk8ba16524cba48p2k2ga26h1jic9l74,ml,deepmoney,keras,tutorial,2
_610j4ga161344ba26p0j0b9k60ok8b9o6kp38b9o6oqj0hhj6p13ag9j70,ml,deepmoney,predict simulated data,setup,2
_60pj2ha188pk6ba16h2jib9k6p2jgba28ko4cb9h8d342di28co3acpm8c,ml,deepmoney,run news2roi,,1
_711k4hi584o3ib9o70o42b9k8oqjeba18cq36b9o6opj6g9k6ss38gpp6g,ml,deepmoney,identify main causes,,2
_74q48gi471332b9h6l33ab9k8csj8ba16p1jgb9m60r3agq36t236h9k6s,ml,deepmoney,fix main cause,,2
_651k4d9j6kp30ba470qj6b9k6gs32ba284o44b9p74p36dq46t1j6ea370,ml,deepmoney,fix main cause,,3
_84r46g9l84p3iba36oo32b9k6t236ba28cpk8ba264qk2c1n6p334gi58g,ml,deepmoney,analyze roi vs sentiment,,1
_60s34chg6krj6b9k8orjcb9k692jgba168rk2b9k8oojgea2750jcc266k,ml,deepmoney,analyze roi vs sentiment,,2
_6h0j2cpp710jiba26h0jib9k89242b9p8p142ba28ksjid268ookag9l84,ml,fakeswap,,,3
_8h1j8h1n6d2kcb9m8523ab9k710k6ba260s46b9j61234gq574sk2h9n68,ml,google course,,,1
_8h0jacq36p338b9l6kpk6b9k84rjib9o610k2ba38p2k2h1o60r48ghn8c,ml,google course,,,1
_890jedhi6sqk8b9l8kqkcb9k6p2k8b9p6p2j6b9p85236dq274ok4gho8c,ml,google course,,,1
_6d244ga185236b9l8kqkcb9k6cskcb9o752kaba16d236ea584r48d1k8k,ml,google course,,,1
_6913ahhl88q3eba68cs3ib9k6t0j0ba18kokaba36kqj8h9j8l236d2688,ml,google course,,,1
_84oj2c9j8d2j6b9p6kojeb9k60oj2ba274o46ba38h23ad258co4ag9h8g,ml,google course,,,1
_6sr36da588sjeb9m8cpjeb9k74r32ba18oq30b9i8krjahhk6t146gi268,ml,hebbian learning,,,3
_7523ce1p6csj6b9i68qjgb9k890j6ba184qk8ba28d23gc1h89342d9l6s,ml,how to solve 90% nlp,,,1
_74o4cdq26osjeba661144b9k70skcba168r42ba36l1k6gho6gpk6h1n64,ml,investments,add cutoff for neutral + try a week difference,,2
_6cr44d9g8crj6b9n8d0j4b9k70oj8ba28gqjcb9n6koj6cpl8ooj6ca46c,ml,investments,reuters api,,2
_6goj6h1g74s34b9o88q44b9k8h234b9p851jcba289236c1l6d1j0e1i84,ml,investments,get news data,ongoing,2
_8cq3cci66l330ba58h1jib9k8krj6ba184o36b9p88qjidhn7113ah1i74,ml,investments,news api investigation,,3
_851k6cq16sq38b9n84o3ib9k6go30b9p692j4ba269146h1l692jehhl84,ml,investments,exctract news using reddit api  (pushshift),,2
_88rk8gq274pj4b9o6cs3gb9k6sq3eb9p6gpj0b9p8d33ag9n68skcd1p70,ml,investments,get reddit news data,,2
_8go42da16grk4ba68kq4ab9k6coj8b9p88skcba560p34c9m6p334d9j8c,ml,investments,get reddit news data,,1
_65346cq569230ba570s30b9k8koj8b9o6sp46ba36ks3ac9l88qkcg9l8g,ml,investments,get financial data,,3.75
_60qj4dpo8p336ba46crj2b9k70q38ba28cr36b9m6cp34dpo6cp3eci68c,ml,investments,get financial data,,3.75
_68sj8gph88rjeb9j84q3gb9k70qjiba2610kcba36co3ichg6l24aha58k,ml,investments,check correlation of roi and sentiment,,3
_6h1j6di488sk6ba66ks48b9k6l1kcb9p6gpjab9g6l138c1n71242di16c,ml,investments,check correlation of roi and sentiment,,3
_8kp3gd9p8ks34b9k6go3cb9k6l1k6ba18h1j4b9j8oskah9g74qj2h9o88,ml,investments,compare sentiment roi with average roi,,1
_74rj6chj88o3ab9k6p232b9k8d34cba26d0jcb9m88o44d1i88p4achp84,ml,investments,check eod price change,,3
_651jggpo70q34b9o88p36b9k74s42ba288s3aba36koj4dhj6opj4dpj8o,ml,investments,"extract features (news source, volume, etc...) and try xgboost",,2
_651j8e2188pk4b9m6cs34b9k60sj4b9o6t134b9l84pj8g9o84p3eda164,ml,investments,improve news reader,,4
_6srj4ghk60o36b9m8cp3cb9k6t0j6ba174okcba38crkchi56kr4cca28c,ml,investments,create an alert system,,4
_8oojica56go3aba26ssjgb9k711jcb9p6t144ba68kqjaghn6p232cpl6k,ml,investments,"switch to ""finance"" sub",,1.5
_60rjaci28oo4aba570p48b9k64s3ab9p6sq34b9m6l1j0dpi88pk6di488,ml,investments,predict + go over predictions,,1.5
_84rjgcq18grkcb9h8gs4ab9k60pk8b9p8513cb9h7523eda58p1kadhi8o,ml,investments,categorize non numeric,,4
_8gq48h1m64o30b9p68o46b9k8d23cba26933ib9n6cs3gdq2851k8dq188,ml,investments,predict with train compare to just predict,,3
_6p2j2c1i84p4cb9h6coj8b9k8h0k2ba16so34ba46gsjgg9n74q46c9o6s,ml,investments,predict + go over todo + count instances per year,,3
_88ok2hhg84sj2b9g8d2j6b9k74o4aba28gp3gb9k75138c9o6grjgci18k,ml,investments,predict + go over predictions + go over todos,,1
_8oojeh1g6p24ab9n8oojgb9k712j2b9p6kr36ba66l344ghj84pj0cpo74,ml,investments,predict + go over predictions + go over todos,,3
_68r4ce9n70o3ab9n8d1kab9k690j2b9o7133ib9i850k8dhm8p238cpl74,ml,jupyter notebook cloud,,,3
_8oqjie1i6ss30ba274q4ab9k84s3eba28h0jcb9i8gr30c1i8opk6di18k,ml,kaggle,tutorial 1,,3
_68oj8h1h68rj4ba161336b9k6l2k6b9o691j8b9o8ks30e1j6h0jah2674,ml,kaggle,tutorial 2,,1
_6sp38cpp71334ba2892jab9k7133gb9o651jcba674o46ga56h0j0hhl8c,ml,kaggle,tutorial,,2
_6gq3egpp751k2ba16l1j0b9k8kp48b9p60q48b9k6kpjgci26l1k4hhp88,ml,kaggle,tutorial,,2
_60ojcci38l2j4b9p711kab9k84ojeba26gr3ab9k8h346dhk70oj0d9j68,ml,kaggle,tutorial,,2
_68s3ae2468r36ba570ojab9k84rk2b9o6133gba2650j2ca668ok4gpl6c,ml,kaggle,tutorial,,2
_70q4acho6kr3gba474qk2b9k8d2jeba28cpk4b9o84rj2dpg6gqj2chh6g,ml,kaggle,,,3.5
_8grjgdhn6t332b9h6sr32b9k7133ab9p8kq3iba588p3ge9k6co4cca18g,ml,kaggle,,,2
_68rkchhg88p36ba48ko48b9k8h23iba264q3ab9i6t14ae9h8p1j2ea46k,ml,kaggle,investments,,3
_88ojcdhj892kab9n7533ib9k68skab9p60rk8ba468o4ad1p6t2kch1o84,ml,kaggle,reuters challange,calculate return,2.5
_6cqjeha588p4cb9m8gr38b9k68qjaba28os3eb9j6gq44dpn8csjih9i8g,ml,kaggle,reuters challange,nn,2.5
_852kadq48gsj0ba28924cb9k6gs36b9p6d1kcb9h88o3ch9g6gqk4c9o8k,ml,kaggle,reuters challange,nn calc return,2
_6os44e1k8osjab9l68p30b9k6cr46b9p84p44ba68kq3gha56l23igpl6k,ml,kaggle,tutorial,,3
_892j8gi460s46b9j710jab9k6t248b9o8krj6ba26kp3icq474r30dho6c,ml,nlp,text 2 graph,,3
_69330e9p6ks3cba66os32b9k8l23ab9o6d34cba164rj4h1g8l132di58k,ml,nlp,word freq per language,,3
_6ko4cc9l612jgb9i8h1j8b9k8cr3eba26srk2b9g7133gd256kqj6chh8g,ml,nlp,which nlp system,,1
_70o46h1g690jgb9h6gqjcb9k651jcb9p70o4cb9n891k8ghl6op42h9p70,ml,nlp,"coqa: a conversational question answering challenge by siva reddy, stanford nlp",,2
_6133ge9h68rj6ba184o48b9k69248b9p6crjcb9j6p13chi56t238hi38o,ml,nlp,interview questions,,1
_88o3ie1g84o30ba26gpj4b9k6gs46ba18p1k2ba168ok4hi564rkch1p8o,ml,nlp,interview questions,,0.5
_6srj8cpm68oj8b9p7533ab9k70o34b9o68q3ib9g88s48e2464r3cca470,ml,nlp,interview questions,,0.5
_8933ah1k8cqjib9l6t338b9k8ook6ba28ks44ba388r3ae226h1k8ci26g,ml,nlp,doclassifier,,3
_6ko3cea66p146b9k64sj2b9k8p34cb9p68sjcba18p24adhi74q46gi174,ml,nlp,doclassifier,,3
_8d230e9k8cpjgba16gsjib9k88s3eb9p6cqj0b9j64pj2h266spjge1m8g,ml,nlp,doclassifier,,3
_8kqj6chm71342b9j8h1j4b9k6h336b9o6sr4cb9m6oskcd9o64o44e1i84,ml,nlp,doclassifier,,5
_6l1k2d9j6t0j8ba669136b9k74r36ba28914ab9m8csj6di26krk4c1h70,ml,nlp,doclassifier,,3
_8gqj6ca36oo3cb9n8d23gb9k6oo4ab9p8ks3ab9l68ojge2688rkcdpl88,ml,nlp,doclassifier,,3
_8513cd9o6gs44b9o8514cb9k6go4cba18gr36b9h750k8g9g612jcdi36g,ml,nlp,doclassifier,manual tag,3
_88pjihi468rj2ba46kpjgb9k74q38b9o68pj4b9l74pjacq66gs4ad9l74,ml,nlp,doclassifier,manual tag,3
_8d344gi18924aba48kpjcb9k61246ba1751j8ba58krk4da170r46e9m6c,ml,nlp,doclassifier,lstm sentence embeddings,3
_8l1jec1l6ks36ba48d23ib9k652jaba28cq3cb9p6kr4cghi70pj0c9o6c,ml,nlp,doclassifier,word2vec for top word,3
_8kp3cdpi8ooj4b9j6ss3cb9k74o48ba1710jiba46p1jgea68l238h1i70,ml,nlp,doclassifier,label words,3
_750jghhl70ok4b9j88o4cb9k74sjcb9p6so30ba28d0k2gpk6h14adi270,ml,nlp,doclassifier,2,5
_88q42h1o6d1k2ba26so34b9k891j4ba2851k4ba68kp32cph8opk8hi26c,ml,notebook as a service alternatives,floydhub,1,3
_8h0j0d9h6oo4aba28l2k2b9k8krkaba260r4aba46h248ea16cok8c9h84,ml,nlp,transliteration,english to worldbet,1.5
_68q44c9g7523cb9m65338b9k89142ba16kq34b9i60pj0e9h8kpk4hhg6k,ml,nlp,transliteration,hebrew to worldbet,1.5
_8kqk4d1k6d2j0b9l8cojib9k8p2j2b9p84ok8b9j88pk6g9m74s4ad1m8c,ml,nlp,transliteration,nmt w/ worldbet,2
_690jghhp8cs3gb9j6gpk2b9k84o30b9p6gs3eb9h6t0j2d9m84pk6h236s,ml,nlp,transliteration,turi tune for the transliteration model,3
_6goj8d1k8csj6ba570p46b9k6d13gb9o6p0jaba26cp3gd1i8h0jiea260,ml,nlp,transliteration,turi tune for the transliteration model,3
_64q38dho68ok2ba16kqk4b9k8923aba1651jcb9m74q3gc1j6t2jih1m60,ml,nlp,transliteration,turi tune for the transliteration model,1.5
_60qkcdpp8kpj4ba470ojib9k6cqj6b9p6kqj6ba484qjeha48kq46e9i6k,ml,nlp,transliteration,turi tune for the transliteration model,1
_89346d9l88s3eb9m6533cb9k8gs30ba1852jeb9o8d344cpg6ko32hho6s,ml,nlp,transliteration,transliteraton model,3.5
_6co46h23692k6b9h6p23gb9k690j2ba188s36b9l6gp4cgpo68rj0ea364,ml,nlp,transliteration,transliteraton model,3.5
_8h238dpg84o34ba68kr3gb9k8ook6b9o74p38b9i651k2ha48cq4cd1i8c,money,american express,benefits,,1
_6co3cgq56l0k8b9o751j4b9k60o3ab9o60rj2b9o6l33chhp6h0k6ea36g,money,automobile market,,,4
_6srkcdq574qk6b9l8kqj0b9k6orkab9p60qkcb9m8kpj4e9g6p1jaga188,money,check account,,,4
_64rk2c1l74o3gb9i8cq3gb9k8cp4ab9o88o36b9m8cr3agpi64p32cpp6o,money,check account,,,2
_6crk2hho8d136ba669148b9k8d338b9o69148b9h74sjcc9n69338cq66s,money,check account,,,2.5
_74q3ee1n8l334ba16crk8b9k8p24cba274o44b9p7523eh1i8924ae216s,money,check account,,,3
_60rjac9p64s42ba464qk8b9k6crk6b9o752jiba28534cghm8l238ea58c,money,check account,,,1
_6p1k2gpg8ko34b9h6d0k2b9k6op44b9o8oqjeba660sj4c9k8kp3gga18g,money,check account,,,1
_8crk2cpj84r34b9m6sskcb9k6cqk4b9o710k8b9p652j0gpm88r46d9o88,money,check account,,,1
_6cq3ed1i6ssj8b9j8cq3ib9k8op3cb9o6ks44b9m8h2j0ca260qj4e1g6s,money,cpa investigation,"cpa course, cpa software, cpa services",,5
_74sjcdi56t246b9k6t2jab9k692jgba28crkaba485244h9m6gpjicpn6g,money,credit card choise,,,3.75
_8p2k6c1p68qjgba688rk4b9k6kq3gba175234ba464ojad1g6gr36hhi6s,money,credit card choise,,,2.75
_6gpjcea168o3aba46p0j4b9k6crjab9o6ss3iba584p3ge9o64rkcca26g,money,mint,,,3
_61234d1l70qj0b9i6p344b9k8gq4ab9o75134b9g6csk6gpi8h2j4ghh84,money,order credit card,,,1
_74q32ha26p2j8b9m6gr3cb9k84o32b9p6p2kcb9l6ksjid1m70p3ie9i8k,money,taxes,,,3
_68qk8cpp68ojaba58cqjgb9k6oqjab9p750jcba270s46ea66grj0g9o6k,money,taxes,,,3
_8p1k8d256123ab9l6p13gb9k6oo34ba26d234ba168p38h1o64skaghk74,money,taxes,,,1
_64qjgga58osj4ba18p0jib9k6h0k4b9p6go3aba48gq32cph6csk4gpk88,money,taxes,,,7
_8gpkadq18ko4ab9g88o34b9k60q3cba1650j0b9h8p2j4h9j8osjeh2560,money,taxes,,,1.5
_6op34gq584o46ba38gp36b9k751jcb9o6d2jgb9g8h138ca374pjac9n88,money,taxes reduction,,,1
_8524ahi671138b9o6h330b9k75230ba26t0k4b9k6113idi460o32cq56c,money,time to freedom,0,,2.5
_74rj0ea288o36ba6652j6b9k8os30b9o64sj2b9h70rj0d9m8h132d238k,money,time to freedom,0,,4
_70pk4dho8l1j0ba26cq48b9k6kqj8b9p690k2b9i7123ah21890k2chi8k,think,origin of letters,1,,3
_8cp44dpj6l2j2ba264p30b9k84q46b9p8kokcb9o6kp3gd9j6d0kad9p6c,physics,disprove one way doors,,,2
_8p234hhp6go3ib9m6ssk8b9k7524ab9o8csjeb9p70p46dpn6os3gh1p6s,physics,reading,,,1
_612k2gq66kskcb9k8p2kab9k68o3cba16134cba46cpj2g9k851kaca688,physics,unity,,,7
_8cq44cpg6os48ba684q32b9k6kr3eb9o852jab9i8oqjih1k6coj6dq48o,physics,unity,,,3
_69248ha36go3aba574p3ib9k6p0j2ba289244ba468s3cgi384rjah9l6o,planning,collatz conjecture + time management,,,3.5
_8l246d23652j4b9g8p2kcb9k6p242b9o6cs34b9i8op42dq56kok4ghi6g,planning,project management,assign weights,,3.5
_851j4c1j68q48ba274pjgb9k7113eb9o6l338ba68gr3adpo84r34cpo6g,planning,thanksgiving,,,1.75
_8l0kae9p70rj6b9o6grkcb9k8grkcb9p8co42b9j6d338di18gr44hhn6c,planning,,,,4
_74s3ec9l6grj4b9m6ooj4b9k74skcba168pkab9p68r4chhn84s4cgi368,planning,,,,3
_68qj8dho8h2k8b9h6h23gb9k890j0b9p6ksjeb9m6gsjgdi38csk4e9i84,planning,,,,3
_68p32dpi84q3aba18ko3cb9k74qkcba16914cb9m8l136ea16oskagq36c,planning,,,,3
_64qkah268l1jeb9o64r30b9k6t14ab9p60o4ab9o8cqjcgq38gojcgq56g,planning,,,,3
_710kachi60qjcb9n8cs34b9k6h23eb9o8l0j0ba564qk8ga36spj6cq36g,planning,,,,2.5
_6csjad9n6h1jcb9p751jcb9k84q46ba18l230ba288p48cq16cojghi664,poker,blackjack,probability analisys,,4
_6d0jegpk6gp4ab9i6or3gb9k6cpk2ba28d134b9p6kpj6c1h64qj6d1n70,poker,jacks or better,probability analisys,,5
_6gqk4cq568r38b9j88r36b9k88pj4ba16kqk2ba28osk6ha26t1jahi56o,politics,israel conflict,,,2.5
_8gsjic1p84r3gb9i8crjcb9k74okab9o6ksjcb9p68p4cgph60sjgc1k64,preparations for flight,,,,1
_70p46chh68qj2b9n6so48b9k60q42ba26grk8b9k70ok8di66t0jechg84,read,geb,,,1
_8d24adph64sjab9m8opk6b9k8os30ba16ooj6b9l6p1jcgi2850k8h9k8o,read,geb,,,2
_8ksjeha58d2kcb9h752j6b9k6kr32ba164s4cb9p6sr4ccpg8h0j4d9o74,read,geb,,,1.5
_60qjedq38h13aba284rk4b9k8924aba16kpjab9m8h246cph6p344g9h84,read,geb,,,1.5
_6h1k2c9g6ss3ib9i60sk6b9k6ksjcb9p6co38ba46d1k2c1l84q36h9j6k,read,incognito,,,1
_710k8h1k8gp4ab9p6srj4b9k6sojab9o84sj4b9k64r48g9o8gp36h1l70,read,incognito,,,1
_8kqkac256d1j6b9j84ojeb9k6l142b9o611jiba16ksk6h258h14aghn8c,read,incognito,,,1
_6cr38gi588pk6ba66l1k8b9k8ko42b9o6cp48b9l6grk8c1n84qj2gpo6s,real estate,2018 real estate market outlook!,emerging trends in real estate w/neal bawa,,3
_64p3ahi568qjgb9l6kpk2b9k8cqk2b9o8l348ba36t232c9p6t238da28k,real estate,analyze deal,,,1
_8ksk6gq670sjeba5851j4b9k68p44ba26924cb9n8513edpm7124ad9h6k,real estate,analyze deal,,,1
_711k6dhg8p0k6b9m74ok8b9k8cskcb9o6kpk8b9n70sk4d9i6d23ge1g88,real estate,analyze deals,,,1
_60o3gci66h0jgb9o6p2jcb9k6cq3aba26kqkcb9g6cqk4e2274rjcdhj88,real estate,bay area moguls,deal analysis,,2
_8l232g9j88ojgb9m8l13eb9k8513gba188oj8b9p8op42ea36gq3ccq26c,real estate,bay area moguls,deal analysis,,2
_8kpkcc1i8p34cb9j6l138b9k851j4ba18co3cb9g60p30ci28913cg9h8o,real estate,biggerpockets celebrity and authority on real estate–jay hinrichs. 21k posts!!!,,,2.5
_8h24ah1l6osj4b9o6p23eb9k84o32ba26so30b9m74oj2dq26csj6e9i74,real estate,birmingham,contract + lender search,,3
_611j2e1l64qkcb9g6d232b9k6spjgba16cp3iba26h232hi26p334hhi6o,real estate,birmingham,,,1
_8h148hhp651k8b9h88r3cb9k8oo38b9o85232b9j6kp36chj60qkcgi588,real estate,birmingham,agent agreement,,3
_8ks32ga4691k8b9j8d232b9k70rjaba26opk8ba6711j4gq6751j0ha16c,real estate,birmingham,read lender documents,,3
_6ss30gpj6oq4aba488q46b9k8ks48ba18cs46ba48or3gchn6133cdi28o,real estate,birmingham,upload lender documents,,1
_6gr3gdq16l33aba188p32b9k6ksjiba26d2k2b9j6h2k6e228h34ah9i6g,real estate,find 3 agents in each market,,,1.5
_6gpj0dq564sj8ba184r44b9k74s4cba16kp36ba46gpjch1i6ks3ah9h8o,real estate,find 3 markets,,,1.5
_8l2jadpk890j2b9m8gq3ib9k68r3ib9p6oo3gb9n6ssj4cq58l1k4c9h8o,real estate,find insurance,,,2
_8l34cd9o8cr3eb9l68rj8b9k6h0j6b9p88rk6ba36l244g9l6cqj2c9j8c,real estate,fundamentals of estate and asset protection & invest in real estate with sd,ira,,3
_6tlnaqrle5p6cpb4dhmj4phpegq74d9l6li62d9g6cr38dbdd4s68d9pctoj4d3d6dpmaqjd64rmadj164o3ar3he8om2e9mdhi78r3fcpoj0,real estate,investing out of state (after all california is the best market ever)?,,,3
_6h14ahhl88qjgb9g6113eb9k6933aba268sk4ba36kr38g9l6cq3cgq66g,real estate,"join martin saenz, best selling author & national expert on note investing!",,,4.5
_6923gghp6123cb9p74q4ab9k8p0kab9p84p30ba56t33cdq18opk6chk6o,real estate,sign mortgage,,,3.5
_8oq4cea460s3cba26cpjgb9k68q46ba270qjgba3710jgea484s36dq48o,real estate,sign new contract,,,3
_851kcdpn74sk2b9l6d0kcb9k8gpj0ba16l33cb9m6h1jie1g8ko3cdhk6c,real estate,"tax expert cpa , attorney’s & financing for real estate",free full day boot camp,,9
_8d1k4hi260s44b9i85246b9k8coj6ba16oo3ib9n8gp3ee22751jgh236o,real estate,verify vacancy rate from property management,,,4
_8co30ga48h136ba184rjcb9k890j8ba18p332b9l6spjeh9n8kqj0d1p6c,real estate,why your rental property is leaving $$$ on the table & how to outperform  market,,,3
_6kpjae246cpj6b9j8os36b9k6oo44b9p6t1j4b9g8h33gchm851kcc1k8g,real estate,הזמנה: asset protection & tax reduction strategies for real estate investors + bootcamp,,,3
_6cqjce1k6h23cba28orjgb9k750k8b9p851jcb9i68pj2gpp8gqjcg9l84,real estate,הזמנה: investing out of state (after all california is the best market ever)?,,,1.5
_8kqk2cq48goj6b9m84qk2b9k8kq4ab9p6kpj8b9o6t332ga18gq3gc1p8o,real estate,הזמנה: make money in cannabis real estate: understanding risk and opportunity sf wework,,,3
_6kqj8e9l74oj4b9p710kab9k611kab9o64sj0b9k60p3cdhn6gqk2d2688,shiran,find resources for coding interviews for shiran,,,3
_61138e246113gb9g8ksjgb9k69238b9o8op42ba28l1k4ha160rk6d1m6c,shiran,fix shiran's network issue,,,1
_6cr3aha36h1jgb9o88s4ab9k6spjgb9p74oj8ba38d1j6cpm8os44gpn6o,shiran,shirans videos,,,2
_610j6g9k6sqk4ba26gpk6b9k8gpjgb9p8gr4cb9o8gq3id1h8grkce236c,shiran,sum per week,liad,,1.5
_88p3ihhl6or32b9l64o3ib9k8cok2ba26spk6b9l6h0j8h1p68p44hhl8k,sick,,,,5.5
_8p2j2e9p84o38b9o6ss4ab9k6grjcb9o6l2j2ba284qjae268kpjcgq274,social,alamida county fair,,,9
_60o36d9h84pj4ba168r46b9k75244b9o89338ba26d33adhp84q42c2670,social,anniversary,,,4.5
_6gp3ih9h68pjab9i690j2b9k6t236b9p891j0b9g8h334e1h6gs4cdhi8o,social,audio,,,5
_8krj8d9m84pk8b9k68qkab9k8crj8b9o6cq3gba6610kad9o60rkah246g,social,barbecue,,,3
_8gr3cd24891jgb9i61238b9k6ks3eba170o3cb9o68o48dpg64r3ah1l8o,social,beach,,,6
_84r42h2670q34ba1612jab9k6oq44b9o6krk6b9n70sk2g9o60p3ehhm70,social,beach + lunch,,,6
_68o44d1l64r4cb9j84q34b9k8l2kaba270qk4ba5712kagph6os46h1i88,social,beach + lunch,,,6
_6kp36c1m68rjcb9g6ks36b9k6kpj8ba28cpk4b9k6d242c9g8co42h1m64,social,beers,,,3
_6d134e2468p3eb9g8ookab9k88s4aba1652kcb9g70rkadq674qjigq288,social,beers,,,2
_8co34gpk6d0j8ba68d2k2b9k70rj8b9o70rjgba175230ga170sj2h9k68,social,beers,,,2
_8cokae1i68rk4b9i6p13ab9k892k4ba2651j8ba160p42dpl8orjge246o,social,beers,haifa,,3
_7533ighp70okab9g651k8b9k8p144ba284skab9p8os32da38or36cq58g,social,birthday w/ family,,,2
_84ok6ci374r3eba56h1k8b9k8oqk2b9o6sp44b9m70o34c2470rjigq56o,social,coachella,drive,,7.5
_6op4ac248gs38ba48go3ab9k752j2b9p8gqk4b9p8d2j4hhn8p1jidpj8g,social,coachella,,,0
_8os4cghm8h34cba670rk4b9k68p30b9o6h0j0ba16crjcga26l0k8gi484,social,coachella,,,7.5
_6ksjaca589142b9i710j0b9k6p346b9p60rk8ba28ko4ada26gpk6gi360,social,coachella,,,0
_6sq38h9k8d14aba56ork6b9k6h13eb9p8csk2ba66p14cd1o60p3ce1i64,social,coachella prep,,,3
_6cs34cq384oj8ba164rj4b9k8cqkaba16t1j2ba28crjge2188ojgga370,social,cookies,,,4
_850k2hhp8kojcba36t2kcb9k6gp3cb9p60r30b9p61242e9n70q44c2668,social,csl holiday party,,,3.75
_8ko30da474oj4b9m60o3eb9k88q46ba26oqkcb9j61134ga48kr36hhj68,social,dekel,,,3
_6h0jidq36t2j8b9n6oojab9k6134cba269132ba688ojigpl8cs4achj8c,social,dekel,,,8
_6sqj2da2692k6b9k7133gb9k6d33eb9o6cojab9i6h248ghg68rj4h268c,social,dolo + souvla,,,7
_68rj6cq48p0jaba570o34b9k70q34b9o60s42b9g64qj0h1l8p0j4hhh74,social,eran,,,2
_8osj2dq26gpk6b9g8p24ab9k68qj6ba26oo42ba48l0j6di185144ca384,social,folsom,,,6
_8p23ecpn70s3cb9j850jeb9k8crjeba26kp3gb9i6t138cq28h1j4c218k,social,friday supper,,,3
_75138gq58h148b9l8gok4b9k6h1jab9o8gpkaba164ok2h21692kaghg8o,social,friends from work,,,3.5
_8gs3agpo8op3cb9l60s32b9k6t33gb9o84rj2b9i70rk4e1k6t34cdhi8c,social,goodbye joey drinks,,,3.5
_850kcdq66gq3ib9k8ko4ab9k8kr34ba28ko3iba4711k4ea68oq4ch1o8c,social,hackbright,,,2
_64p4aghh6krk6ba36t334b9k8ks30ba26crjiba48l230hi46l0kachl6c,social,halloween,,,3
_60q3ec1n6l0jgba66d13cb9k6spj8ba28op3eba1710jcd1k6d0k6c1o74,social,halloween,,,3
_69246h1i74s36b9p6gq46b9k8gpj2ba264sjab9g692jgci56h230d2288,social,hanukkah on dec 5th at 4:30pm! save the date!,,,1
_60qk8cpj8l1j4b9p6sojgb9k6d234b9o8gp3gb9m6kp36chk6d2jiha46k,social,humus + coffee + beach,,,5
_88s30gho892jiba56t232b9k88ojab9o64qj0b9k8go30ca36d23ig9n88,social,humus w/ family,,,5
_8ko36hi588rj6b9m8coj4b9k692jeb9p6co32b9m610j4dhl84rj2ghk6c,social,izik's birthday,1,,3.75
_6l23edq38kq34b9j8d33ib9k8h1kcb9p8l1j8ba68cr48chi6srjedhn6c,social,jimena,,,2.25
_8p0k4ghn6h0j4b9l6l23eb9k750k6b9o6cqj2b9g6d13cdq18d138cq18o,social,jonathan,,,8
_6p336e248cq44ba16p246b9k8l2j4ba184ojcb9m6ook2d2470rjed1n68,social,liad,,,2.25
_68p3acpk8cr48ba588ok6b9k70qk6b9p84pjgb9l8h23adpg68pj4dho84,social,marc,,,3
_84sk4c2388o42b9h88o48b9k612j0b9p6p336ba27523cc226923ac1h74,social,mati,,,3.25
_68oj8e9l8ooj2b9l6oqjcb9k60oj2b9o6p1j6b9p8opkce9h70rk2d2568,social,maya goodbye,,,4
_850j6g9n88rj8b9i74rj4b9k88o30b9o8gskaba284p3cci46p23gc1l60,social,michael & julia,,,0
_6kr3gh238kqj0ba18h0k6b9k8kp38b9o691jcba284p32dhi750j8dhh68,social,mom's birthday,,,3
_712jae1i60s48b9l60qjeb9k6ksjiba174p36ba46orjgc246sq4ahhn8g,social,movies,,,4
_8d0j2dpk6orj0ba5852j0b9k64s34ba28gqk2b9j64q3gchm6d13ee268g,social,napa,0,,9
_60o30ci58crk4b9n6523cb9k60ojgba274oj2ba188qk4hhj8kpkcd1l6c,social,park,,,3
_64o3ih9l6h246b9m6gpk2b9k8p136ba28gqk6b9i8l0k2h1i6d138gph6g,social,pessaj,,,2.5
_6cr32dpn88r32b9n6p1j2b9k6l2j4b9p8op34b9l6t0j8c9n8grjie1n8c,social,poker night,,,4
_892jeca56t130b9o75334b9k8913eb9o64qjcb9o6ko3ida66gr4cchg74,social,rosh hashana,,,4
_8gqkcd9p651jeb9p8grjib9k8kp44b9o6h2jab9i852k8h1g8l33idpp70,social,sf decompression 2018: black top city!,,,6
_70pkae268d146ba18h0k4b9k70pjcb9o6cr3eb9l892j2ghp6gs4acpo68,social,shabat dinner,,,3
_8d1k2da36h2j2b9h6kp30b9k6spk2ba1652jeb9j88sk8d1j71238h1g74,social,shabat dinner,,,3
_8cs34dq3691kab9k6cr36b9k60s4ab9p65130b9j74r3gdi66so3aci268,social,shiran,graduation,,5
_65234gpl6h2kcb9j6ks3ib9k69234ba16gr30b9g75230e9j6h34cg9l6c,social,shiran,birthday,,3
_6p142hhj6ks3ib9m6go3ib9k6l0k8ba28h130b9m6h13iga164p4cdhg6k,social,shiran,cirque de soleil,,4
_6coj6e9i6l146b9m8op38b9k8d13gba26h344ba18kp44gi18kq4ce1i8c,social,shiran,liad,,3.25
_68q38gpg70s34b9i6gsjab9k8cs48ba16l0kaba46t130d1j8cq42chg74,social,shiran,tahoe,,11
_70o3chho6d33eb9k71142b9k6kojgba26grjaba289342e1j6d0j6dhg84,social,shiran,tahoe,,11
_8cokaca68gsk8ba58ksk4b9k8oq44ba16h2kaba56koj6c9i8p346hi170,social,shiran's friend visit,,,4
_8l1j2e9m8l232b9o8kskab9k752k8b9o74o44b9k88ojie258gskce2168,social,sivan,,,4
_6oqkacpo88pj0ba18d14cb9k60qj6ba26grj4b9h6kp4cdi660p32dhi6g,social,"stay at sls las vegas, a tribute portfolio resort",,,0
_6l338da26sr48b9n84oj4b9k84p3gb9p611kab9k60ok2c1p74r38cq46o,social,street fair,1,,5
_6kp3adhl60q44b9j8krj4b9k68ok2b9p6srj8ba66t1j6c1g6oq36dpo74,social,synagogue,emanuel,,3.5
_8gok4h9p6osjcba36t148b9k8934cba284oj2b9j8cs44ci460o48d9k6s,social,tel aviv,,,3
_8924ce9o68o30ba36gskab9k6opjcb9o6ksjib9o6oo3ic1m6krj0dhp6o,social,wedding,szlak,,5.5
_752k8gph8gp32b9h8cskcb9k6cp3eb9o6ooj4b9k8op34h9l6gsk8h9n6c,social,work,,,8
_8h23cd236p0j6ba38h0k2b9k710jgb9o88q44b9j8gpjehhm8p2kad9m60,social,work,,,3
_890jcc268ks3ib9l6gsj6b9k6oo46b9o64r3ib9p84s4chi17533ehi360,social,yaron,,,13
_8cp3ge1p89146b9i8cs46b9k84rj0b9o6op46b9p6ksjic1m64q3ghi568,social,zohar,,,4
_74rjechi8gs3gb9g8kp3eb9k74r46b9p68q34b9n8kr34ci5752jicq66o,social,ארוחת ערב משפחתית,,,2
_84rjada48p242ba16cpjib9k610jiba16co46b9n84q4cdpg6913acq26c,social,ארוחת ערב משפחתית,,,2
_8os3ae2170pjib9m8cs42b9k8oq3cba260pkab9h892j4e1p89346h1n70,social,ארוחת ערב משפחתית,,,2
_651kac236grkcb9p8or46b9k68pk4ba16orkab9l752j6dhj74pj2gi18g,social,זיכרון בסלון,,,2
_68s4cdhi74oj8b9k8l0kab9k64r48ba27514aba58cr3cchi6t0j2d238g,social,,,,6
_8d238dph8l0k4ba470sk4b9k8d33cb9p6coj0ba58os4acq38534ch9i60,social,,,,3
_6t130e9k6l2jcb9p8os48b9k75246ba28cqj2b9i64s34gpk68qj8c238k,startup,yc,,,1
_68pjagi2712j6b9g751k6b9k70q42ba26l0j2b9o691j6c1i8cpjec9h88,take car,,,,2
_6p130h9o6p0j4ba58d246b9k6ork2b9p68p44b9n60rj4gpk8kqj6dpk60,think,"2nd law, origin of life",,,4
_8ks32gpn8d2kcb9p8kr32b9k6t14cb9o8933ab9i851j0e9h84q46gq260,think,bookmark solution,,,1
_8l244cq26ooj4b9p7534ab9k6kpjib9o6gs32ba16co48d9j612j0e1l6k,think,how to research,,,2
_70p3ch1m64o3eb9n8d0jab9k68r3gba18d332ba18go3cc9l84o38c9i84,think,what to do for fun,,,3
_68pk8ea2852j8ba368s48b9k84qk6ba285236ba468s4cgi46t334dq38g,think,,,,3
_8orkccpm70o36ba28or48b9k6crjgb9o70s4cb9k8l0j8e9j8ko34dpp6g,time use analysis,,,,3
_6gq3cda3752j4ba26ookcb9k6p244b9p69148b9l6cs48ga27514cdhp6g,watch,joe rogen,elon musk,,2
_8d336dq168skab9l8d23gb9k69348b9p6h246ba168pk8dhl8d2j4ci28c,watch,la casa de papel,,,1.25
_84sj6dpo70rj0b9l6d238b9k64s4aba16oo3iba4750j2h1n60r34dpl8k,watch,trump,,,1.25
_68sk4ga26gpj0ba4691jcb9k8d1kcba28gqjgb9h6l334gi46kpjed1i8o,work,boomerang,baseline approach,try for other locales,2
_6kq32ea271144b9h6gq3ab9k6l23ib9p6l330ba46p1kad1l84sk8c1g8o,work,boomerang application,,,1.5
_6go34e9m88sk4ba26ook6b9k6d14cba274okab9k612jid9o68r3ggpj6o,work,presentation,,,3
_8h0jec9g611j0b9j6kr4ab9k8oqkab9p6kr32b9l8osjch236koj0g9p6k,מכתב לסבתא,,,,0.5