id,0,1,2,3,duration
_6go42e216d23aba484pjeb9k6p23ib9o69138b9i68r32hi46sq32h9g88,social,new years,,,3.0
_6kr3cdpn710kcba16gp38b9k8h2j8ba28l0jaba16933ie216p344dpo6g,money,check account,,,1.0
_6ksjch1h8krkcba560rk2b9k8h33cb9p752kcb9h6gojgchi6gsj4dpg8o,cleanup,kitchen,,,1.0
_71246cq268p3ib9h6114ab9k6os4cba18l2jiba564qk8ga371234d9k6o,cleanup,bathroom,,,1.0
_6sr48gi46h1jcba56t146b9k6523cba16h2j8ba58gp36ca460pj2c9m8c,haircut,,,,1.0
_8p1k2d9g650jeba56123cb9k8co3gba16os4cb9l70ojic9o70qk4c9l6g,ml,nlp,doclassifier,tweet2vec,3.0
_8l1jadpm6crj6ba38d1j8b9k6koj4b9o70sj8b9i6sok4gi47534ac1g8c_20190102T060000Z,cleanup,bathroom,,,1.0
_8h33ec9m8h1k4b9j8p2jib9k692jgba28d1kcba36ss42gpi8d248e216s_20190102T070000Z,haircut,,,,1.0
_8l2j6cho74ojcba36co32b9k611jgba28cp30ba16l2kch9n652k8chn6k,economics,macroeconomics,,,1.0
_6h344d9m6934cb9g8h2jeb9k6l2kaba26l1k6b9n751jgh1o64rj0gpm88,apartment hunt,,,,2.0
_88rjge258opk8ba68cojgb9k60oj8ba168p3eb9g6kqj4e9i84qj4e1h6k,open house saturday (1,5) 11:30am,12:15pm,,1.0
_6133eh1i690j0ba36gpj8b9k6p148ba18513ib9h6d0k4dq68osjie9i6c,open house,,,,1.5
_8d332e9g6opj0b9l6csk6b9k70s4aba26gs3iba68goj2cph8oqj0chl6k,real estate,sign contract,,,3.0
_60pjad9n70rj6b9i74p3cb9k89148b9o8gs3eb9n8d330dpj6t344c9g8k,economics,us gdp,,,2.0
_6sqj6dq48h2jib9m6gqk8b9k88q3gb9o6sskcba16cp4cgq28gp34e1k6g,work,sync with modelers,,,1.0
_6h2jcgi48ko3eba66cp48b9k6os30ba28h0kab9m88sj4hhp88pk8hhm8o,work,abstract,,,0.5
_6or38gi460skaba46os3ab9k68pjeb9p6gp48b9i611j8h1l68oj0chi6k,work,integration to siri,nl,,0.5
_8os3ihhh6srjgba56kojib9k89238ba16h330ba48p330di374ok2d1g6s,work,run maki test japanese,,,1.0
_6h136h1k8h2jgb9l892k2b9k8534cba18oskab9m8l1kad9h6kr48ghi8c,economics,gdp oecd,,,1.0
_75344e256h0k2b9g6cp48b9k6t14cba28d0k6b9g6ko4ccpm8os32gpg6g,bad day,,,,0.0
_8l0j4ea26ssk6ba3612j8b9k6sok2ba28l144b9p8gpkch9m75148c216g,economics,israel oecd report,,,2.25
_6ssjcd1g8p2k6ba474q4ab9k60s4cba274oj2ba170okac1h711j4dpl8k,headache,,,,0.0
_6h14chhn70ojcba264p3gb9k74oj0ba284rk6ba384r3ee1o60r48ci668,stas,nlp analysis,,,2.0
_610jad1i74o30ba58l1k6b9k74oj8b9p6t2k6b9n6p136hhh6gqj4c1l6s,social,liad,,,3.0
_88r3ie246kqjeba28d13ab9k6goj2b9o88p4aba468qj4da365344gpk8g,work,move gen_cc_data to python utils,,,2.0
_74pk6gpi6ko46ba361136b9k6csjgba26kqj0ba66d0j8dpo8oqjghi58o,due date: machine learning summit 2019 submissions,,,,0.0
_8kq48cpk6crj0ba58p1jab9k6513cb9o8crjeb9l6ss44dhi6gsj2gi38g,ml,nlp,building chatbots that scale using machine learning and open source,,2.0
_84qk4d9j8l1j8b9m6spjib9k6923iba16soj2ba66t232ea28933ec1k70,ml,how to approach a kaggle nlp problem,,,1.0
_6cq3eci374o3gba4750jab9k68o3ib9p890jeb9m710k2e218koj2dhh70,investments,sign etrade account,,,1.0
_70skae9g8933cb9p8kr46b9k6p232b9p8oojaba66oo3ad2569234ha460,ml,deepmoney,get data,,1.0
_84p3cdhi65348ba56sr42b9k64q32ba26cskab9k6sqk6dho69232c9g8c,social,jason,,,6.0
_74sk6hi58gp46b9m61146b9k6gqjib9p8oojab9j8ko3eci68513ae9g88,social,shiran,abba party,,2.0
_74rj2ga170oj6b9m6ooj2b9k68ok2ba26p2jgba46op3icpo711k6ga26o,ml,deepmoney,earning guidance analysis,,6.0
_6t2kcgpo75346b9k8l332b9k89336ba26h138b9k6l346dq164o34d228g,work,boomerang presentation,,,1.0
_6ksj2c258h346ba46gpk6b9k8l2j0ba16cqjiba36p13ehhm6sp3eh218o,interview,preparation,,,1.0
_84rjcd1n650jib9g61144b9k68pk4ba16p142ba58gok4e1i8kqk2e9g8c,interview,preparation,,,1.0
_8kq30h1k6sqjeba28gq34b9k69348ba271236ba46d230d226t13igq18o,real estate,making big $$$ with land development and entitlements with mr. cameron stewart!,,,3.0
_8p234dpl8krjaba28h0j6b9k70sk4ba28crk8ba26ss32h9n8co3igpi68,interview,preparation,,,2.0
_8cr38ha28d1k2b9n6h24cb9k8p1j8ba28d34cb9k6l14cchj88r42ghm6s,real estate,sign closing,,,1.0
_88p44chg8gs32b9i6ssj2b9k6ssk8ba16co4ab9o6h0jidpp68s42ha36s,interview,preparation,,,2.0
_8l1jadpm6crj6ba38d1j8b9k6koj4b9o70sj8b9i6sok4gi47534ac1g8c_20190202T060000Z,cleanup,bathroom,,,1.0
_8h33ec9m8h1k4b9j8p2jib9k692jgba28d1kcba36ss42gpi8d248e216s_20190202T070000Z,haircut,,,,1.0
_6d0k4ghh68sjgb9h74o3eb9k6d0k8ba170qkab9m70q3ee9j892jee1g74,interview,hackerrank,,,4.0
_84sjigi269234b9h8l13cb9k6op30ba2710jab9h64qjagpl60r3eghn6s,social,ben (shiran's friend),,,4.0
_8ksj4e2484okcb9h84p3ab9k71338ba168r30ba36t330c258ks30dhp8o,social,joey,,,2.0
_8kr42dhj64skab9p6sokab9k68pj0b9p74skaba36oq3edpg611k2c9p84,social,ben (shiran's friend),,,6.0
_88p4agq66sq3gb9n6t2k6b9k8oqj0ba188o3ib9o64q4ad1h88r4ad2174,interview,hackerrank,,,3.0
_74okag9h6cqk8b9g64p3ib9k88pj2ba16t14aba58gsk8hhg8cqjgghn8k,interview,preparation,,,1.0
_60qjgcpp6l232ba46d13ib9k68qj4ba284ok6b9h7123cd1l8p1j0h216g,investments,find company guidance source,,,2.0
_70q4cgpp851jcba284qj0b9k6l14cb9p8p246b9k8os46ca46oq42c1k74,social,liad,,,2.0
_6gs38d1l611k6ba4690j8b9k8p2jaba18h332b9m8p148da36d2k6e9k6s,investments,find company guidance source,benzinga,,3.0
_750j2h1o8h0jcba170o42b9k84qkcb9o6srjeb9p8h136dhm6123ih1g8c,work,weekly rca and post,"mortem review on thursday, 1:00pm in congaree (ap01, section 9, floor 3, 377.18)",,1.0
_8p344ghl7113ab9h88o34b9k6gs4aba174p3ab9i8ooj4d2561130ghh8c,investments,find company guidance source,,,3.0
_8l1j8ghg6h232b9i652k4b9k8l33cb9o8osjeba4650k8h226krjcd1l84,social,moishe house,,,3.0
_64rjcha56cpjiba68osj0b9k88q34b9o85234ba26l1kcgi361134d2588,investments,find company guidance source,benzinga,,3.0
_8h23cghn8h13gba68cq3eb9k68r34b9o6or3aba670q3gd1o64pkachl70,interview,hackerrank,,,1.0
_68rkag9n70o46ba46t142b9k71136b9p6cojib9g60s3cdhl8d148dhp60,learn,khan academy,biology,,2.0
_60p42h1j88o36ba56t1kab9k60oj2b9o74r36b9p70o36e1k75144da38g,investments,find company guidance source,quandl,,2.0
_6co44ghh6p2jgb9k8913ib9k8p2j8b9o6p1jib9k60p38h268ko44ghg6c,interview,hackerrank,,,1.0
_89238gi16d1k4b9p6d342b9k8gs44b9o70q46b9h6124ch9i6ko4cc256s,interview,solve interview questions,,,1.0
_6gsj4ci46cqk6b9p8kpjgb9k6cok8ba18d0jeb9p64s3cdi285342h1k84,ml,deepmoney,analyze quandl failures,,3.0
_6gs32h1p6cqkcb9i6l136b9k890k8ba28os34b9l74ojah9m6h1j0h2564,shiran,1,,,0.0
_6t13ih1k88qk4b9h6krj4b9k60r3gb9p8gqj0b9k6l1k2dq58ko34dpm60,interview,solve interview questions,,,1.0
_84qjica66l2j0ba56p0jib9k8opjcb9o650j2ba488sk4h9p69236cq16s,social,liad,,,2.5
_84s3cc9g8d248ba288r32b9k8co3eba18crk4b9i6t0jeh9n60rk8hhg88,investments,find eps expectations source,,,3.0
_74qk6hhn7513aba488q4ab9k8opkcba18gp48b9o8cr4cdhg6d33gc2374,investments,analyze benzinga revenue,,,2.0
_88qj2gpp88r48b9o6124ab9k70sj6b9p652k4ba38d2j2ea68kpk6ha488,social,"mati, isaac",,,2.25
_75142g9n8grj0ba38d0k8b9k710kcba174ojgb9j88pj2hi46op3ed1j84,investments,analyze benzinga revenue,,,2.0
_711j0c9h6ss30b9m88o36b9k60sk6ba1851kab9l6t244dhm6sqk6d1i84,money,taxes,,,2.0
_89136ci36kr44b9o8orkab9k8d138b9o892kaba66or4cdi270p36ha660,social,beach,,,4.0
_71344h1k6h0kcb9o8os3cb9k74qkaba28p146ba268r3igpj70pk6cpi6c,social,"mati, sivan",,,3.0
_6cp36ca371246b9k70r3gb9k8d248b9o8gsj6b9i84rk4ci38cqk6d9n64,interview,hackerrank,,,2.0
_74q42g9m6l13eba268rk2b9k70o44b9o6p0j6b9m8h0jih1k8ks34c1i60,existance proof,,,,2.0
_6cp4cc2164r4cb9l60ojcb9k6gqj8ba170ok8ba484qj4e1j6h2kahhn64,previous year analysis,,,,2.0
_8kqkchhm8opkcb9j64rj0b9k88qjgba18csj4ba284rj4ci36d0k6e216g,investments,benzinga,tutorials,,3.0
_6krkac1o651jaba36gpk2b9k6ss36ba274ojaba16srkac2270qkac2368,biology,genetics,,,1.0
_74sjic9p8gpj4b9k6srjeb9k68ojab9p8kq42ba46sojgdpp60s3cea374,investments,benzinga,previous years data extraction,,1.0
_8kqj8c1p70r38b9i6grjeb9k6kok8ba2651j6b9p68p36dpi6oo30h1m88,shiran,assist with work,,,1.0
_8go32d1o6l0kab9i6gs3cb9k68pj0ba169332ba270p34dpo6sokah1i64,shiran,1,,,0.0
_8924ahhm69232b9l60qj6b9k68oj8b9p6t332b9m6opjadi28d2k4c1p8o,biology,,,,1.0
_68rj6ha18kr3cb9j70o3gb9k88r48ba18orjcba368r36hhg8p1k2da66c,investments,benzinga,previous years analysis,,3.0
_852jce9p6l0jgba48os3ab9k8grk2b9p851j4b9l890k6c238oq3egi18k,biology,,,,1.0
_70p30c2264o34ba36d0j6b9k64rj0b9p7523ib9l64sjag9g68q4ag9o70,investments,benzinga,"error analysis, group by",,3.0
_8krjicpm6gr4ab9k8l2jab9k88s3gba161144b9l8os3ge216cok2c1j8k,biology,,,,1.0
_65344gq28oo42b9k8924cb9k8cojaba2650k2ba460ojgh1p6orj2c1p74,social,sivan,infected mushroom,,4.0
_68s3ecpp6133ib9l8oo3ib9k8kpj0ba18ko32b9n8op30gpp6gp3ggq66c,investments,stock,gain vs risk,,3.0
_6ooj6di6852j2b9h8gr42b9k71230b9p70rkcb9p6p242ca46go42c9l8o,social,"sivan, isaac, elior",game night,,4.0
_68p48cq484s32b9n74s3gb9k6p0jcba170o42ba56h1jie1h6l2kac248g,investments,stock,gain vs risk,,3.0
_6gp36e9o60ojaba36ks34b9k6h1j4ba18osj8b9p8ksjaga160p3egi26s,investments,stock,gain vs risk,,3.0
_64sjggq484q3aba570o46b9k6cp3eba16p13eba68or38ca18coj4dq474,investments,plan,,,3.0
_711k6hi46os30b9o8ookcb9k6kok6ba18gqkaba38gqj2c9p8or3ch2668,biology,,,,1.0
_711jidpp6cqjaba46coj8b9k6gsk8ba260r42ba18p1jcgpk60sjic1m70,anlyze previous year tasks + planning,,,,3.0
_8kr3cc248or3ib9k6or3ab9k8d144b9p6grj0b9l8orkaci2750j4h268g,biology,,,,1.0
_6so4adq684oj2b9o65334b9k652k2ba16kpjcb9k8opj4hi58d242ga288,use cases and application of ml & ai in software engineering,,,,2.0
_6t1j0dpp750jeb9h64qjab9k69246b9p89332b9p64r34da56d2k2gpi68,anlyze previous year tasks + planning,,,,2.0
_8d348chh691k4b9h88okcb9k6coj0b9p6p1jab9o6kq4achi74rj8d9k6c,biology,,,,1.0
_68s36c1i8924aba16grjcb9k74p44b9p6krjiba66p138ha684s38h9j6k,anlyze previous year tasks + planning,,,,2.0
_60rkagph8oo3gba26op48b9k6cp4aba270o36b9p6t2j0h1l7134ch216o,financial knowledge registration confirmation,,,,2.0
_8933gdhn6h2k8b9h6cok2b9k68r4ab9p6gpk4ba46p2j4gpm88oj0ea464,anlyze previous year tasks + planning,,,,3.0
_8cs3gg9n8oskaba469138b9k74q4ab9o68qjeb9o68rk4d9o88oj0gpo6c,biology,ecology,,,1.0
_6p2j2cq36524ab9p6osjgb9k88p36ba270r30b9n6kr48dhj6cp46c2368,social,moishe house,,,3.5
_8l1jadpm6crj6ba38d1j8b9k6koj4b9o70sj8b9i6sok4gi47534ac1g8c_20190302T060000Z,cleanup,bathroom,,,1.0
_8h33ec9m8h1k4b9j8p2jib9k692jgba28d1kcba36ss42gpi8d248e216s_20190302T070000Z,haircut,,,,1.0
_892k2h9p6csk6ba370qk2b9k88r38b9p8p342b9o6gpj0d9p6or30gq56c,analyze calendar,,,,4.0
_8osj0h248p1k4b9g60rj0b9k750j4b9p65236ba38go42ca4712j6d1p64,analyse presidents vs growth,,,,2.0
_6oqk4cq16h0k8ba5691k6b9k65134ba26ook4ba464q38c9h6p13idhp6s,social,maya,martunis,,3.5
_70s36dhm8opjgba38l13eb9k8h0j2b9p84o3eb9k612j6chp84sjid9l60,biology,biosphere,,,1.0
_8grjag9l852kcba5612j2b9k8h2k4ba16ooj0b9k6krjgc1o6p14cci360,plan,extract current gain,,,3.0
_69132h1i84pjcb9p64q48b9k7113aba26sqjcb9n8crjcchk8gqkaghk8o,shiran,,,,1.0
_8gr36gpl8h23cb9o84qk6b9k68q44b9p8l13ib9g68qkcchg851k4gq48g,haircut,,,,1.0
_8cr4cg9i652k2b9k85130b9k85330b9p70s3gba36d138h9j8p342h2664,watch,sorry to bother you,,,2.5
_8kp3gh9i6h34cb9k8koj2b9k6h1jib9o6l2j8ba264q32chj6go3igi46k,biology,biosphere,,,1.0
_6kojcdhj6sq3iba48csk6b9k75244ba184q48b9o8l248cho8coj8dpk70,prepare for reading group,,,,1.5
_68p30d9l64s3aba47514ab9k7534aba188p3cba66gpk2cq474p42d1m8o,biology,animal,,,1.0
_6gokah218h236ba66l0jcb9k88sjib9o88s3eba68l24cd266co36d9n60,the feature store: the missing api between data engineering and data science?,,,,2.0
_84qjedq46923eba460s3ab9k8d23ib9o85130ba661238ca48h1k8ghi8c,prepare for reading group,,,,2.0
_68o46cq5610j8b9o70q36b9k88o3cba284r30b9j6d0kacq188qjgdhk6o,biology,human,,,1.0
_60r3idq168p4ab9h6op3cb9k71238ba18d1k4b9o8l23egq16krk4da46g,ml,investments,news2roi,"find news source, plan",2.0
_74o30hhk8ko46b9i6d0k2b9k74s3gb9o84q30b9p70r30e9i8gsj0gho8o,biology,human,,,1.0
_8os48da46kq44b9k8h2jeb9k6933ab9p6t1jaba56p134e1i8kpk8c9n6k,ml,investments,news2roi,extract news,2.0
_8krj4d9o8cr3gba484pj8b9k6cqjab9p7123ab9n6ook8cpj84s46d2668,social,synagogue,emanuel,,1.0
_6d1jid1k6l0j8b9i8gsj6b9k6p13gba16kq3iba36sq3eghi68s42dpn70,social,neck of the woods,,,2.0
_85146d21891j2ba470pj2b9k7514cba1890kaba284rjaga48op3ae1j6c,ml,investments,news2roi,analyze news sentiment vs gain,3.0
_6gq4cchm71238b9g8cr34b9k8l130ba168sk8ba6890k8e9k70qjedi28c,ml,investments,news2roi,analyze news sentiment vs gain,3.0
_6d23ega16sqjcba368sj4b9k8h33eb9o6cqj8b9p6gpjgc9i6133aci56c,watch,popstart,,,2.0
_6p23ccq260q3gb9k8csjab9k6133gba16cpjib9g8osk4gq270p36da16k,academy of science,,,,5.0
_6krjcha56oq3aba469346b9k88r42ba260oj6b9n8d34ahi38gp3agpl6o,coffee,,,,1.0
_74rj4d9k6opj4b9o6cp30b9k6co3cb9o64p46ba2752jgha58oo34d1k70,ml,course,ai for everyone,,1.0
_74rj2c9g6ss3eb9i88s46b9k6ss34ba284o4cb9k6op3acpg6d2k2d1o6g,ml,investments,news2roi,analyze news sentiment vs gain errors,2.0
_8h2j8gph60p36ba58orjeb9k6d23cb9o6grk4b9g84qj4d1j84qkcc9i60,ml,course,ai for everyone,,1.0
_8or4ch1h84okcb9j64rk4b9k8p136ba26kr36b9g8grk4gpi88ojcca66k,ml,investments,news2roi,fix news sentiment vs gain errors,2.0
_64o3agpn6oqj8ba36or4cb9k60rjiba18l0j0b9j8opkccpp6cr3gh9m6c,ml,course,ai for everyone,,1.0
_8l23ge1o64s4ab9i8kq3eb9k84ojab9p8ko3ab9n6t2j0dph88r32h1h6o,ml,investments,news2roi,find positive words,2.0
_8os3acq28gpk8b9l8cqj8b9k8oo3gba28l234b9h6spk6di46sqj2h9l84,ml,course,ai for everyone,,1.0
_8p0jgh9g611k4ba66spkab9k8os42ba284r3ab9o68s3iea58osj6ca28g,ml,investments,news2roi,find positive words,2.0
_8h344ha26opk2b9n74sk4b9k70pj2ba18ks48b9j69338da58d0jcga668,ml,investment,calculate portfolio's variance,,1.0
_70s3ghi26koj0ba2890jib9k6krjeb9p6op34b9k6kpjec1j6or3eda38k,social,mati,,,3.5
_6h338gpn8cs42ba66goj2b9k6l1k2b9o8923iba564q32d9j8kok4hho6s,ml,investments,news2roi,extract entities from title,2.0
_60p3ch25751kab9h891jcb9k8krjib9o8p138ba36cs42d1l6gsj6cq568,social,st. patrick‚Äôs parade,,,6.0
_61346d1g6sr4cb9p84rk6b9k88rj4ba26grj0ba36sr30h9o6co36gpl8c,gini vs happiness,,,,1.0
_8ksj4cpo70r32b9n60q32b9k851jcba26kqj6b9l64o3gghn74rk6c1g6o,cleanup,reminders,,,1.0
_64r4aghj6cpk4b9p8933ab9k68q32ba16t1k6ba5711k4e9h8oqkcd1h6g,social,jonathan,,,2.5
_64sj2dpj68sj2b9p8kq4cb9k60oj2b9p6523gba6710k4da474p3agpg68,ml,course,tensorflow,,1.0
_74oj4c1j6oq46b9k6l148b9k8cokaba16kq30b9o6kpj0di38h1k4hhh6s,ml,course,tensorflow,,2.5
_8ks4aghh8h0jgba2610kcb9k70s4cba18kpkcb9k6h336gpl711kce2388,ml,course,tensorflow,,1.0
_6gqkcd2264p32ba26gpj8b9k8crk2ba1851k6ba66l33gh1g6p244d1h6k,ml,course,tensorflow,,1.0
_8gp46d1h84ok8ba18d2jcb9k852k6ba16gpjeb9o8l13igi274qk2h1p74,ml,course,tensorflow,,2.5
_6gs3cdi585142b9k6csjab9k60qjiba16crj4b9k6ks34c218h142cpp8c,ml,course,tensorflow,,1.0
_6srjah9p6p0j4ba675342b9k74s34b9o8p23cb9m8914ahi6650kcea28c,ml,course,tensorflow,,2.5
_70o3aea4611j6b9m8ook4b9k8co30ba2651jeb9g6kp4ccpj85248gq18o,al,poster,image,,2.25
_64o4agq370sk6b9m6l2k6b9k8l132b9p6cpjgb9h70pj8d9p60s4cg9p6c,social,safari purim,,,3.0
_74q4cgpk6p1jaba68kqjab9k8cqj8b9o8h2k6b9m8cr34cho711k2cq288,golden gate park,,,,3.0
_8gq3cg9o892j8ba56sp3gb9k6t1jgb9p6d1k8b9h6h1k8e1k6oqjigi16k,gini vs iq,,,,3.0
_6srkce9p8p348b9m6l2k2b9k64ojab9o6sskab9p751jee1h8h344chk8o,social,purim palooza,,,3.0
_6ko46cpm64p34b9g852jab9k8oq3ab9o84q42b9h851j8d248kok8gi28c,shiran,,,,3.0
_6osj4ha46orj0b9j6crj2b9k8p336ba16sqj6ba68gp4agpp850jiga68g,nlp,canonical dictionary,,,3.0
_6oo3ee1o8514aba570rk6b9k8d2jcb9p652kcba38d0k2g9n6opjgga16g,nlp,canonical dictionary,,,3.0
_6t2j6h1o64pjcb9h8p0j4b9k8d330ba16sqj8b9o88sjgchk6ko4acph68,cpp course,,,,1.0
_6ksjcc9k8gq3gb9o6p0k8b9k6gpk8ba16l346ba374p3ihhm891jad258k,nlp,canonical dictionary,,,2.5
_88o48ci274r48b9m850j8b9k6l2kcba16kr3eba588rjaci368o32g9h70,nlp,canonical dictionary,,,2.5
_65330di37123ib9h8gsj0b9k88qj4ba16cq3ib9o8h34cc9k8l1k8cpg6o,cpp course,,,,1.0
_8oo3ecq28p0j6b9m6goj2b9k60r30b9o8cpj8b9h6oqk2d9o6krkad236c,social,liad,,,3.0
_750jada365346b9h6p348b9k8l234b9p890j6b9i70qjgc1j84p4cd1h6o,cpp course,,,,1.0
_6p14cd9o6h236ba57523ab9k74r42b9o60o34ba270pk8ghm60ok8dhp6c,nlp,canonical dictionary,,,3.0
_6so42ca66124cb9g60r3ib9k8gr3gb9p74pjcb9i6kok4h9l84o36dq660,cpp course,,,,1.0
_64qk4c9l692k2b9h6kpk4b9k8cq30ba175238ba58gpk6h9o8p2jedpj6o,"sharp nearby, fuzzy far away: how neural language models use context",,,,2.0
_8os36e9n8cr3gb9n8cpk2b9k88o44b9o8d244ba26h1j8cpp8l1k6h9p6o,cpp course,,,,1.0
_7523gh9j6oojib9p68sjcb9k64oj6ba28oq34b9l6p24cea188r44dhj64,gini vs gdp,,,,1.0
_6csj8da6691jgba28d342b9k6h1jeba26krj0b9m6kqkacq18l136gpm74,politics,feiglin's plan,,,2.0
_8l0j4di288pjeba5692k4b9k6kq3cba16gr3iba66924cchp71232dhp6s,social,souvla + dolores,,,4.0
_6l346h1k8cr4aba268s42b9k8l238ba18oo3iba26gqjggq464pk6h9o6o,shiran,sushi + ice cream,,,4.0
_6kq48dho64sjcb9j6l136b9k8l0kcb9o751j0b9o8op3cd9p6gsj8g9g84,search hotels,,,,3.0
_6sq3gh1n6sp44b9k8cs30b9k71148b9o60o3cb9m6cq38h9k8op3gcq16k,aws from command line,,,,2.0
_8l1jadpm6crj6ba38d1j8b9k6koj4b9o70sj8b9i6sok4gi47534ac1g8c_20190402T050000Z,cleanup,bathroom,,,1.0
_8h33ec9m8h1k4b9j8p2jib9k692jgba28d1kcba36ss42gpi8d248e216s_20190402T060000Z,haircut,,,,1.0
_891k4dhl652k2b9j74ok2b9k68pkcba18gsjgba26kpkcdhl6sokagi16s,aws from command line,,,,2.0
_611jad9i60pk2ba364oj6b9k8cqk4b9o8cojcb9k70sjad9i6kok4cq26c,cleanup,email,,,1.0
_68p4ccph6134cba260s3ab9k6133ab9o8p34ab9o69230h9o6l1jeghj8k,aws from command line,,,,2.0
_8l138c9k6l1kcba668p46b9k750jab9p612jiba26gp34g9l8oq48ha368,social,vegas,yaron,,0.0
_8kq48di68op3ib9j60q44b9k6crj4b9o8p24cb9h6cs3gca26kqjgc9h74,aws from command line,,,,2.0
_74p3ad9o8crjgb9p8oojib9k6h33cb9o8go3eba68514ch26752jch1l68,aws from command line,,,,1.0
_6cpj8gpj64o46b9o8d2jab9k60r44ba26sr3cb9j8opk8d1g60rjad9o60,shabbrunch at the park,,,,4.0
_752jcghi6grjib9n6co4cb9k8l2j2b9p8h0jib9k6ks42ea58cojeh1m6k,social,mati,,,2.5
_75332dq17534cba26p246b9k88rj2ba18oqjib9h6csj2e1n60oj0ci474,shiran,friends trivia,,,2.0
_74qkcdi16orj8b9g8ks3eb9k712kab9o6coj8b9k6923ah2668p3ae9o60,shiran,,,,2.0
_8ksjchi58kqj0ba38kqkcb9k84oj4b9o6gr32b9g64p38dpm64sk2chi8o,nlp,stanford course,lecture,,1.0
_8kqj4ha685132ba271336b9k8ork6b9p60o34b9n8h234c1g8l2k2cpg74,nlp,stanford course,,,1.0
_89136h228kr3aba47124cb9k6cq38b9p8l34aba260ojcg9p6gq34h9i8c,nlp,stanford course,lecture,,1.0
_64rj0ghk8kr32ba16sr3eb9k6gq32ba16p232b9j8os42hhl6gpjccpo6s,nlp,stanford course,hw1,,2.0
_6gsjee9h64rk4ba26kq36b9k6kr3cba28cr3cb9j6srjcgq369336chj60,nlp,stanford course,lecture,,1.0
_6kp38ga66gq42b9j64rj2b9k6oo42ba260r42b9l7513cghi6opkah1i68,nlp,stanford course,hw1 + hw2,,3.0
_7534ad9k8h0jib9g65134b9k84qkcba174o42b9p8kpjge1o70r46c9p70,nlp,stanford course,lecture,,1.0
_8gs3ig9g8gs32b9j60o3eb9k8os36b9p8op38ba16t0j4e2160sk8d9k60,nlp,stanford course,hw2,,2.0
_8p0k4e9l690jgba58kr4ab9k65136b9o6gqkcba68h2k6gi5710j4chk84,social,pessaj,mati,,3.0
_71346c9l6p0kcba264pj2b9k6133iba28gq30ba68gs34d236h348gi464,nlp,stanford course,lecture,,1.0
_88q42dhh650jcb9g8gs38b9k6d2kcb9o6oq4aba66sqjgh9i6d244h9l74,nlp,stanford course,hw2,,1.0
_6osk4e236kqjgb9p6l33ib9k84p30ba270oj4ba274o3agq388pk2c1k8o,nlp,stanford course,lecture,,1.0
_70pm8cj668p32p9k65hjcd9g6gq6achncpgjce1p64sm8cb26timaoj3c9i38d1n81n6os3md5o6atj5dpq72cjdcln6orrgc5p6mbjje1m62sr8ehk62t1ecdnmq,nlp vip event q2 menlo park,,,,3.0
_60qjedpp8cq3ab9g711j2b9k8oqk8ba28cp38ba56oqjighp6l246dpj6o,nlp,stanford course,lecture,,1.0
_84pj0c1k6gr3cb9g88rj0b9k60oj0ba28co30ba461348hi684p46ca18g,nlp,stanford course,hw2,,1.5
_710j2h1j84sjcb9g8d1j8b9k6os4cba28l132ba369332gq46d0kah9i74,nlp,stanford course,hw3,,1.0
_6sr3gghk6d0j2ba58cr46b9k6oqj8b9p88qjeba264sjacpl8kq4ah1l8k,nlp,stanford course,hw3,,2.5
_70s3cd1h88qjcba56d1k4b9k6p336ba168sjgb9l6p1k4ci360qk6ga16g,nlp,stanford course,lecture,,1.0
_6134cchg6so38b9h65130b9k8grj6ba18crjib9l60o30h1n8p148h218c,nlp,stanford course,hw3,,1.5
_6krj8h1j690j4b9i74qkcb9k6kp42b9p8cpk8ba664r38gpj8h1j6chm8k,nlp,stanford course,hw4,,1.0
_84rkac1h8cqj8b9l70q42b9k6l0j8b9o690jcb9k6oo4cha664sk4d1j70,retire with rentals: how to invest properly when buying out of state,boot camp,,,8.0
_8h332hhi6cq4ab9n68skab9k70ojiba16h0kab9n8or3acpn6ssj2dpo74,nlp,stanford course,hw4,,2.5
_6523agph8l23ab9o8cp48b9k8h13cb9o6t236b9g6cr36chl8534ah9o8c,hackerrank,problem solving,,,3.0
_8gr3gcho8os3ab9g8h0jab9k6ksjeb9o88q3gb9m8grj2dpn6osj6h1o6s,mimuna celebration sf,◊ó◊í◊ô◊í◊™ ◊û◊ô◊û◊ï◊†◊î ◊°◊ü ◊§◊®◊†◊°◊ô◊°◊ß◊ï,,,5.0
_70o3ch1n68r32ba66sp3ab9k8gq48b9p64ojaba36os32gi660qjcha574,nlp,stanford course,hw5,,1.0
_752j4ga68krj2b9i6oq38b9k6l0jiba261142b9n6h230e266p138ci268,nlp,stanford course,lecture,,1.0
_8p130ghk69332b9o8h138b9k84s32b9o68qjgba16grk4c2274ojichg6g,nlp,stanford course,hw5,,2.0
_7133adi46913cba3692k6b9k6cs38b9o6t232b9o652k6gpl6d238c1l88,nlp,stanford course,lecture,,1.0
_74qjie1k692j4b9o60o30b9k6kr48ba284qj4b9m6h2k4cpk68r3ee9k6c,introduction to mlux,machine learning user experience,,,2.0
_6t1jagpn8oq36ba4711k2b9k74q38ba164p4cba264pj0ghj8kr3gdpn8c,nlp,stanford course,hw5,,2.0
_cdgmopbechm7ib9m60s36c1g68p0,strategy call with betterturnkey,,,,0.5
_68rj6hho8go3ib9p712j2b9k74oj2b9o6sqjgb9i8h130c9o74o32e9k70,nlp,stanford course,lecture,,1.0
_68o32e9g6gpj0l1g64qjcd9kb8mj6d9n64qj0cpm6d06cp9o60t30ehg78o3kophckt32p36cot6cpb2cot64phi60imat3860,breaking the code: how to take advantage of tax reform as a real estate investor,,,,1.0
_8ookce256gr3gb9o70r46b9k6sq42ba165144b9g70q3ahhi6oq48d2674,ticket: zikaron basalon,remember with us on yom hashoah 2019,,,2.0
_6p1jad9m70o4ab9h60sk8b9k8oo30b9p6cp46b9m74pj6ci268qk4chp6s,nlp,stanford course,lecture,,1.0
_892k6e1i6h0kcba16p1jib9k60o3gba28l33aba56co3cd9n8gpk6h2584,applied machine learning: a netflix production,,,,2.5
_691k8hhm8kojab9h890jib9k84q46ba16krjeb9g84s4ccq16spkce9m8c,check account,,,,1.0
_64pk4gq58osjcba3712k4b9k8opk2ba18oo48ba66d0kacq58p242c1m60,cleanup,bathroom,,,1.0
_88pjcdhk650jeba66l1k6b9k8krjiba26gr44ba38d0jechl8933ed216o,nlp,stanford course,lecture,,1.0
_6l348ga66ksj8b9j88s4ab9k8opkab9o6gs4aba260rjchhk6krj2c1j70,nlp,stanford course,hw5,,0.5
_611jih1h88q4cba260r4ab9k8kpjcb9p88o3aba66cokah1g612k4dhn8k,social,how weird fare,,,6.0
_6h23ehhm6oo36b9o8cs3cb9k8cokaba16p2j8b9h6t34cgi48orkcga66k,nlp,stanford course,lecture,,1.0
_68o36da58p342b9n8gs3cb9k710k4b9p8l33aba38oq4aghl64rk2h9n60,nlp,stanford course,lecture,,1.0
_6cqk4d1h74q3eba56l13cb9k84pjeb9p8gq3gb9n70qk4di58cr34h1l60,nlp,stanford course,lecture,,1.0
_6kskad1k6d134ba48oq34b9k64qkab9o8cpk6b9h6l0jaha564s3ae256o,nlp,stanford course,lecture,,1.0
_8gr36ea570ojeba18p336b9k8p342ba2850jeb9n84rjechk850k6ga56o,nlp,stanford course,lecture,,1.0
_88qk2gph611k6b9i6oo46b9k70r48b9o6cq42b9p68o44g9m68s3edhm88,social,yom hazikaron,,,2.5
_8gpj6cpg88q36b9h88r32b9k8gs3gb9p6p1jcb9m6h334g9l710j4ghg8k,nlp,stanford course,lecture,,1.0
_6or4ac9h6cojiba384o46b9k74o46ba18osjgb9n88pk8ca564q44ea474,nlp,transliteration,work,plan,1.0
_68p4aga1710jab9j6oqk4b9k6soj4b9p8kr38b9g6gpjadhl8oo3gc1l74,nlp,stanford course,lecture,,1.0
_6l23cghj8h338ba36p2jcb9k6cqk4b9p6h1k6b9l8h2k8hi4890j2c9n8o,investments,smooth gains experiment,,,1.0
_6co48g9j6spjib9h8os46b9k6kp46ba18p334ba484r3gchh64q3ge9o88,social,indipendence,,,1.0
_6ksjed1p6sqj6b9h8l142b9k74s34ba188q4cb9i6d138c266or3egpo8g,clean up,emails,,,1.0
_6kqj8dpm8go48b9k6co48b9k74o32b9o6crj0b9i751j8d258p2j4dhj6s,hackerrank,,,,1.0
_6os36c228l348b9h8cp34b9k8osjaba16orkab9j6t232da3710j8gi570,shiran,,,,1.0
_8p234ca4611kcb9p8cr46b9k6gp42b9o6l130b9k8ooj6d1k74rkah9k8o,transliteration,run on bolt,,,3.0
_6cq3ic9j8d1j4ba28oo3gb9k8p33gba18oqjib9n85144ha38d23eh2460,from startups and fortune 50 to disrupting mf real estate,,,,2.5
_60r44dq68p0kab9i6orjeb9k88qj8b9p64o3ab9g651kce9k8or3gdpj6g,social,sindre goodbye,,,3.0
_70q48d9m74p4ab9g8h13gb9k8d346b9o64o4ab9j6t13ge9o8h2jic1n68,social,apple special event,,,7.0
_6p34ad236gr4cb9l852kcb9k84p44ba175348b9g84qjce1g68o4ae9m88,social,elior,,,3.0
_891k6dhi8p244ba288rkcb9k64o34ba268o44b9g65136e1h6l2jggpi6c,shiran,,,,1.0
_8l136ga36kqjaba26oq4ab9k8kojib9p6h332b9n70sjcchp6p1k4gi18c,social,jewbilee,,,3.0
_70o3ada161234b9g68p30b9k8p2j0ba26gs42b9i60ojig9p8gqj2gq370,cleanup,email,,,1.0
_8krj8d1o6ks38b9m60s3gb9k6d1jiba16cs42b9l6l146cq6651j2hhm84,ml,course,deeplearning.ai 2,,1.0
_8d33ic1n692k2b9p6ks34b9k6os3aba288qjgb9p6cpjgdpo8oqk4h9i84,ml,course,deeplearning.ai 2,,2.0
_6sq30h23891jab9g71236b9k6co44ba16gsjib9n8kqk8ghj611jid1o6g,ml,course,deeplearning.ai 2,,1.0
_6ss48c226gp42b9l6gr3gb9k6kpjab9o8gs4aba58os38d216grk8d9h88,ml,course,deeplearning.ai 2,,2.0
_6sq4cea588sk8b9l88rjcb9k8gr44b9o6kp42b9g8os4cc1h84r42dhn68,ml,course,deeplearning.ai 2,,1.0
_88pjghhn88qk2ba36sqj8b9k68o3ib9p8l1j8b9l85238h9m6krkchi46c,ml,course,deeplearning.ai 2,,2.0
_711j8g9o8d1j0b9p612j4b9k6d24ab9o64o38b9h88rjec9n8os36dhl84,ml,course,deeplearning.ai 2,,1.0
_6l1j6di56co38b9m64r3gb9k68q42b9p8gp38b9h8op3adpo6p33eea284,social,liad,,,4.0
_6l1jagi471244ba4890jab9k6coj2b9p6t13iba6890jcchk68qjgdi18k,hackerrank,,,,5.0
_8kok6da36kpjeb9k68r3cb9k750j6b9p6sp4cba368ojag9o6gq3ce226g,beach,,,,3.0
_84sjah256go38b9l70q48b9k64o32ba18cp34ba26gp32da174qk2hhg70,social,mati,,,3.0
_6p0jad9g8oqjcb9o652j2b9k6sq4cb9o6sq4cb9p8p348gq16os48di58o,jni bridge,debug feature toggle,,,2.0
_6h2jccpl68qj0b9p8ks30b9k8p1k6b9p6kqk8ba48ko34dph8grj6h9o68,jni bridge,debug feature toggle,,,2.0
_70rj0dpm6t1k4b9g8os38b9k6gs4cb9p650j0b9l8cr3gga460pjcchp6o,shiran,dinner & a movie,,,4.0
_6gr4chi68h138b9i88o30b9k6h0jeb9p6kpk8b9o6t2k6di460s36ci18g,jni bridge,debug feature toggle,,,2.0
_6cs3idhm64r3iba688p38b9k6ks3ab9o6ko46b9j6gq4aci6750k2d1p64,cleanup,bathroom & stairs,,,1.0
_6ss34c9h8p34cba16p348b9k70oj8b9p70qkcb9i6sr3cc1o8cq30d226c,hackerrank,problem solving,,,2.0
_891j8gq66spk4b9k6h1j6b9k8513cba28d2kcba488o44dho6d33aca66g,haircut,,,,1.0
_8d2k8d9m68q30b9i68r4cb9k74r48ba17123ib9g6coj2h9k6p338e9n88,jni bridge,debug feature toggle,,,2.0
_6t0j4e9n692kaba268qjeb9k892jgb9p70r46ba274ok4h9p8kq3ad1h60,what to do,,,,2.0
_890j2dho8os3eb9j6os36b9k8ko36ba26soj6b9p88o38dhp8d0j2hi360,nlp,dialogue,investigate sota,,1.5
_6oqj8ga68oo3gba68gqjab9k8h23gb9o8h2jgb9i6p0jec9n75230d9p84,project management tool selection,,,,2.0
_6ksk4dpm8gr4cb9l88ojcb9k74p44ba26kok8b9i6gok6hhh8d0kce1l74,shiran,,,,2.0
_8l232hi26ksjgb9p60ok8b9k752jcba2751k6b9l89236e9m70p3ggpj8g,lunch + dessert,,,,4.0
_6grk6dpp8p330b9i8oq3ib9k8cpjeb9o60q30ba2890j0hhg8h1jecho6o,social,sivan,,,3.0
_610jih1m84ok4ba46h0j4b9k64q34ba26gsj4b9i6sqj8d2160p36e9k84,shiran,,,,2.0
_8or3ce1l60r4cb9j6114cb9k8ksjeba170s4cba584p48chj68oj8d9g6g,hackerrank,problem solving,,,4.0
_8opjgc1k64o3gb9k70sk8b9k89248b9o6kqj0b9l60pk6e1i8krk6gq160,what to do,,,,2.0
_611j4h9h68pk4b9j752j6b9k6d142b9p70qk8ba38l1kcd9n8or3ae9j8o,kaggle,intermediate course,,,2.0
_74s36cpp88pk8ba4651j8b9k8ook6b9o6crjgba58d33ahi58grk4d2388,kaggle,intermediate course,,,2.0
_8ks38d236oqj8b9l8p0k2b9k851j0b9o88rj8b9p8ksj6d1o6oq3ghho6g,happy hour ü•Ç,,,,1.0
_60rjehhi60sk8b9h6t1j2b9k8ook4ba165236ba664ojgcq174r30di58o,kaggle,intermediate course,,,2.0
_710j0d1o8ko36b9m6913cb9k84qj4ba1851kcb9i890j8hhn60o42hho6s,kaggle,intermediate course,,,2.0
_6cqkch1m6ss4cb9n8csjib9k6gq46b9o6gqjcb9n68qjachh6ko3gd1p6s,cleanup,bookmarks,,,0.5
_6cq3ic1p6gp36b9l8oojib9k6sqjcba18p1j4ba28p1k2e9m69330h1m6c,shiran,,,,1.0
_8krj2e9m690k4ba674r46b9k6ksjcba2850k8ba670q48e258cp46e1l84,cleanup,bookmarks,,,2.0
_68oj4cq664pk8ba5752j8b9k69130b9p8kp3cba68kok2d2168sk8da26g,surprise shabbrunch at the park,,,,1.5
_650j8dpk711j8b9p70pj4b9k6gp3cb9o8gr42b9k6cr36ghh6l33egpl68,social,alamida county fair,,,3.0
_6gpjig9o60p3aba66cq48b9k8kq36ba28osj8b9n74s3eha58p33ggi26g,social,"ari, javi",,,2.0
_8523ih246oo44ba460ojib9k85238b9o61334ba1712j4di16d334ca66c,cleanup,bookmarks,,,2.0
_6spj2dhg750j4b9h6523ab9k710j4b9p612kcba18l248e2269336g9l74,social,liad,,,3.0
_71146d1k70r32ba588pj0b9k88o3eba26kq34b9l6sq42ga28cpj0d1k8o,course,fastai,,,2.0
_650kah9i84rkcba26l232b9k74r4ab9p85248b9j6h23ecpp6t2j4c9p6k,course,fastai,,,2.0
_8grk2c1l6933gba38p0jeb9k68oj0ba26d33eb9o6ssk2chg60qjeh1k6k,social,liad,flight to napa,,6.0
_8cr4cd9p6t1jeba374rjgb9k6gpjcb9o84sjgb9p74p3ihho8gqk6d9k74,◊ú◊®◊ê◊ï◊™ ◊ì◊ô◊®◊î ◊ú◊ô◊ì jcc,,,,1.0
_60s4ahi28kq42b9m74o4cb9k8kpjgba26crk6ba68cs32dq389344h9k70,course,fastai,,,1.0
_6co3ighm6cs4ab9o851jab9k8osj2b9p6srj0b9k852j8cpm8kpj4ghh6s,course,fastai,,,1.5
_88p48ha58grjab9l8go48b9k88r3eba26orjcba260rjghhn6csk6dpj68,social,yao b,day,,4.0
_6d2k6ea16srk6b9l8gsk2b9k6p24cba18p1jab9k60qjgh9i6d248c1k8g,social,liad,b,day,8.0
_6gs46dho68sjaba174ok6b9k692j2b9p8d0j4ba56h1j0chn68pjac1i8o,social,shlak,,,3.0
_88s48ca36sq32ba46h1k8b9k7134cb9o71234ba48d0jedph60rjid246c,course,fastai,,,1.0
_692k4ga18h0k4b9i8gq48b9k74qk8ba28gs38b9h851jeghh6so38g9k8k,using machine learning to build powerful enterprise apps,,,,2.0
_6kp3aga48p1j6b9o6p0k2b9k60r4aba26d2kcb9j6t23ehi4692k4c9i60,course,fastai,,,2.0
_8opjid9k6gsjcba58l244b9k74oj0ba26t13gb9j74s3ah24711jcg9l6g,course,fastai,,,2.0
_6sp4chi584p38b9n74q48b9k88q3cb9o6l2jgb9g6gpj2ea570o36ca56c,call social security,,,,0.25
_6cs36chp852jiba66op36b9k6h2j2ba16p146b9k6kq42hi66l1jgc9p6k,science at the bar sf,,,,3.0
_74r32h258gskcb9o8d0j2b9k84r3gba1890j6b9g8923edho6cq3gd218g,day off,,,,0.0
_84sk2dhk89242b9h8l0j6b9k6533gb9p6oo3ab9k8ks46h9n6grk6dhk6c,course,fastai,,,2.0
_84o4ah9m6l2jib9n88qkab9k6t2k4ba260qjaba48opk4c9g6ks3ihho84,hackerrank,problem solving,,,1.0
_8p13ee9l8p24cb9h8gsj0b9k8l2kcba28524cba284sk2e1k8523ec9m6g,course,fastai,,,1.0
_84sj8g9o6kr3ib9h6go3eb9k6or44ba1651j6b9k6opjee1g6kojgg9j6o,social,javier,pride parade,,4.0
_6ks4ad9j6ook6b9n8go3ib9k6gs48ba26d33ab9g8h24ac2460r46chj68,haircut,,,,1.0
_8h13adq48co3iba3890k8b9k6cs4cba16kqkaba38ork2gi174qkac9n64,cleanup,bathroom,,,1.0
_6p2jcchi8co4ab9l8oqkab9k65346b9p650jgb9o6op46h2170pk8c1h6c,check account,,,,1.0
_64q36ea68ks36ba58gpk2b9k88r3eba1851k8b9m692k2e1l6gq3icq584,course,fastai,,,1.0
_8l2kch268d146ba568s3ib9k64qk8b9p64q4aba66oq42c1h60q48dhi6s,social,goodbye shlomo,,,2.0
_74p36c1g6d23eb9p8p144b9k8kq3ib9p84s4cba2692j0c2589330e2368,course,fastai,,,1.0
_8l348h9i8p23cb9k6co42b9k68o44b9o6l2jaba28oq48h218l0j4d1p64,hackerrank,problem solving,,,1.0
_74p3egi274ok4b9o65248b9k70s32b9p8gpjcb9m851jcc1o6t138dq16c,hackerrank,problem solving,,,4.0
_60r3ccpp8h238b9h71134b9k8kok6ba18kqj4b9i88qj6d2168rk4h256s,hackerrank,problem solving,,,3.0
_64sj0ga388q32b9k8h1j6b9k6513gba16opj8b9l8gqk2e1j8oq42cq66o,social,cambria,,,7.0
_8l33eea5712j2b9i7533eb9k88p4cba26oqjeb9k7124cd1o84qk4h2484,social,cambria,,,4.0
_89244gpn70r34b9m8orj6b9k6co38ba275130b9h6go3cga264q48gpk8k,real estate,follow up,,,0.5
_852kac246gr36ba16h14ab9k6l13ab9p60o3aba47123ec9l8p144c9n74,hackerrank,problem solving,,,4.0
_74q30e1i64r36b9i60rkcb9k8kq48ba28524ab9i6cpj8d9n88p3gg9k8c,ml,course,fastai,,3.0
_8h0j8ha46p0j8b9n6gojcb9k6kr3iba26gq38ba38h1kccq56h0k4g9h88,social,jewbilee,,,3.5
_6t234h9l6grj4b9h892k2b9k6sr46ba2610j8ba66orj2ga37523gchm60,social,dolores,javi,,5.5
_6p248h2464pkab9m65234b9k85134b9o6op3gba58cpj6ca18kp32ghg6s,◊ú◊î◊™◊ß◊©◊® ◊ú◊ë◊ô◊ò◊ï◊ó ◊ú◊ê◊ï◊û◊ô,,,,0.5
_6d232ha58krjgb9o75342b9k65332b9o8op44b9p69232d1l6koj2d236c,ml,kaggle,reuters challange,fastai,1.5
_711kadq26oqkcb9i8kq36b9k6gs32b9p8co32b9h8or44g9m60o30di66k,social,liad,,,3.0
_751jcdi16gp32ba568q36b9k8d134ba2691jcb9i6p1j2h9j68sjce2474,ml,kaggle,reuters challange,fastai,1.5
_8d246c9p8cp3cb9l8p142b9k851j4b9o6t23ib9n8osk2hhk8gr3cgq46c,ml,kaggle,reuters challange,fastai,1.5
_8cq36chn74rj0ba48p2k8b9k8kqjiba185142b9p692jaghp88o3cea68c,take toilletry,,,,0.25
_74qk6h266spjeba468r4ab9k70qj6ba274p36b9n6d0jac1k8osk6h1l6g,social,jason,men's retreat,,0.0
_70s3icpp8cq44b9k6cok8b9k68ojaba28ko32b9i8os3adhj6ssjih1h6s,social,jason,men's retreat,,6.0
_6gq34hhi8p2jiba370skcb9k6cs3gb9o68sk8ba16gq46dhp70pkce9i88,social,jason,men's retreat,,4.0
_8d1j8d1m60q3gb9o6gq3eb9k6ooj4ba16co44b9m8d342c2574o46gi68c,hackerrank,problem solving,,,4.0
_6d0jed9p6kp44ba26opkab9k84sk8ba16ss3ib9k74r46e9o6523ed9o6c,shiran,,,,2.0
_892k8ea68grjgba48gsj6b9k60o34ba26gp3cba66gojed9p60q42h1j64,startup,yc,,,1.0
_750jccpi8l330b9l64okcb9k8koj8ba285244b9h6so34ca26d1jadhg88,real estate,tenants,,,1.0
_6p142gq56op32ba370skab9k6ks3cba268rjeba368sj6chj6kpjichg6g,ml,kaggle,reuters challange,fastai,2.5
_6533agq57134cba26p148b9k691jeba2651j2ba1612k6hhl8h0j6hi46g,register to burningman omg,,,,1.0
_8gojecpk8os42b9l8gojab9k64rj0ba288oj2b9p6orj0dq38cpkccq664,social,liad,flight to monte rey,,6.0
_6l23eh226ssjgb9i8oojib9k692jgb9p6oqjiba288pj0h9n8oq32c9h8g,ml,kaggle,reuters challange,fastai,2.5
_8p0k6hi46cskcb9m8gs46b9k6osk4ba270o38b9p68qjcc268l24cdi470,ml,kaggle,reuters challange,fastai,2.5
_6d132e9l6cpk6b9h68qj4b9k74sj4b9p892kcb9o8l1jggi18cpk2d9k6k,hackerrank,problem solving,,,3.0
_70s38e248kp3eb9m6crjab9k88q34b9o74oj8ba374rk6c9j8d238ca464,ml,investments,news2roi,fastai,3.0
_6p342dq489238ba56t1jeb9k88q36ba188s42ba36ss3icq4711j0chi6o,hackerrank,problem solving,,,3.0
_88r4ag9p6p2j8b9i70s44b9k8cr4aba160pj2ba17533ec268p230dhp6g,real estate,write contract,,,3.0
_88o42e1i8cpjgb9m7513ib9k8h334b9o6opk6b9h70skce9o8p2k2e1j8o,hackerrank,problem solving,,,3.0
_70p3gg9o8or30b9h6grjib9k84r44ba18coj4b9m70q36dho6l24achk6k,ml,investments,news2roi,fastai,2.5
_68s46dpm6sp3cba184o44b9k6gok8ba270rk6b9i8oo34chh61248h1o8k,liad,bonus help,,,1.0
_6ssjac238grjgb9m8d34cb9k64rkaba26d0k2ba26p348h268kq34cq468,ml,investments,news2roi,fastai,2.5
_7124ae238d0jeb9n7123ab9k8d23iba168qjiba188qj8gpn68o48e9m6o,check account,,,,1.0
_6kr4ce9h75344ba48h23gb9k6l0k8ba18d2j2ba46l346h9l69144g9h6g,cleanup,bathroom,,,1.0
_8l1kad2364p4ab9p74okcb9k70ojcba164rk4b9j890k4chh68r38chp60,haircut,,,,1.0
_6ssjae9n8p1jib9l6srj0b9k6t0k4ba264s38b9g8kq3cchj6gs30dq384,dr. cheresa c. ng,,,,1.0
_710k6hi561230b9i88p3gb9k8gojgba2611kab9k64q36dhj690j2d1g8g,social,oren,,,5.0
_890jeh2368qjgb9m6cqkcb9k8l1j6ba16ks38ba1651k8ga66l14cc1h84,money,recession prediction,,,4.0
_8kq46cq374sk2ba468sk6b9k68q44ba168rk6b9m70oj4ci188p42hhm6s,hackerrank,problem solving,,,4.0
_8ko4cd9h8gr3eb9j70q3cb9k60qjeb9p8os4cb9o6kq30d9l74oj2ea66s,social,liad,,,8.0
_8d1jehhi650k8b9p88sk2b9k6sq48ba2712jib9o6p0j8c1m8cr36d9m6g,burningman,fill out camp form,,,1.0
_70pj6dph6h2jab9m6gr3gb9k64p36ba1850j2ba46h244g9g88p32d9i84,ml,investments,news2roi,fastai,1.0
_74s44ghn88o38ba38514cb9k8cp42b9o8l14ab9n6oo3eci16t33igpj8o,shiran,,,,1.0
_751j2da684rkcb9g8oqkab9k6p2j8b9o8923aba661238hi38914cga264,ml,investments,news2roi,fastai,2.0
_84ojgdi56goj6b9h890jab9k6h0jcba18gqjiba56go3icq66gpj2e9k60,ml,investments,news2roi,fastai,3.0
_890k6ha360qj2ba38cs3cb9k6d348b9o8coj0ba260sj0ea66d2jaghp8k,◊ó◊ô◊§◊ï◊© ◊©◊ò◊ô◊ó,,,,0.5
_6co48gpo60r30b9n68pkcb9k8p23gb9o6cqk6b9j8d1kch266h13agq36g,ml,investments,news2roi,fastai,3.0
_8p238hhl8grj2ba46cqj4b9k8cokab9o8cq3eb9o852jcg9p6kpj4ga66o,social,junhan,,,1.0
_61148c1n8cr34ba56kq42b9k8gs38b9p6oo3ib9i6p0j8da38oqjadpl8o,shiran,bring from outsides lands,,,1.5
_60ok8gi58ookcb9h8gsk2b9k6go32b9p6ksjcb9g6cpj4da684q48dhl6g,hackerrank,problem solving,,,3.0
_74sj2dhl6cok8b9m70ok8b9k8h338b9p60q36b9m6p334ga174rj0c236c,history,world history,,,9.0
_690k2d248513aba56ssj4b9k6d2j8b9o8d24ab9j84s3gdph610jiea384,social,anna,,,2.0
_8kq3cgi48l0k6b9i74o3ib9k74r30ba28d234b9n88pjgd256gsk6hhp8g,ml,investments,news2roi,fastai,3.0
_6d244d1g6l2jgb9o8opj0b9k61134ba16cs3aba471132da66523ccq16o,ml,investments,news2roi,fastai,3.0
_6p1j2hhh60sjgba468ojcb9k8gp48b9o8ko3gb9g60rjie9l69332e9g6c,ml,investments,news2roi,fastai,2.0
_8cp42d2260ok4ba68h132b9k8h34cb9p6d134b9j8l344c1h60rkch236o,ml,investments,news2roi,fastai,3.0
_6gr38d2584oj0ba56t1jab9k6gsk4ba16t0k4b9i8goj6h22892k4dq58k,ml,investments,news2roi,fastai,3.0
_60rjcd266gpj6b9h8d348b9k8cqj0b9p6spkcba474pk6h1m8orjecpo6g,ml,investments,language model on financial data,fastai,2.0
_64rj4e268op34b9i8p0j8b9k8co3gba16goj2b9j8gq4ch1m6p330d1k8o,social,cambria's birthday,,,5.0
_6ko3cdpg8oqk2ba56sq3gb9k8913gba1691jeb9k8or3ica26h1k2h266s,social,gili,,,3.0
_8p23cd258crjeba375146b9k6t33eba160sjib9n8ksk4d9h6l0kac248o,hackerrank,problem solving,,,4.0
_64o3cgpj6gpk2ba68kpjcb9k8cqkcb9o61148ba484qkah1i6gp42d9h8o,burninman,meeting,,,2.0
_6113ah9k8933ib9o892kab9k8p2jcb9p6d0k8b9k8ks38ghp70r46dq688,social,gal,,,3.5
_850k8hhj650j8ba168q4cb9k8orj2ba28gqj8ba48os3gcq388rjad1k8o,green card,gather docs,,,1.0
_8krk6h1k8cr3eba38or46b9k68o4cba16d1jgb9g8oqj8dpp8p2k2hi264,burningman,equipment list,,,1.0
_8d0jcdi68d0jgb9n6cpk2b9k64o38b9p6h232ba48kpj4hi2752jad1j8o,ml,course,kaggle,explainability,0.5
_6go3ghi38l34ab9l610k6b9k611k2b9p88sjeb9h6or46cpg89334e1p8c,social,decadance,,,3.0
_6p33gci264r38b9h8cqjgb9k6ss3eba270s34ba56kr4ch1o6h348c248o,ml,course,kaggle,explainability,0.5
_60o34h2374o3iba489336b9k8l334b9p850j6b9k88o4ce1m71332c9i6g,social,sella,,,2.5
_84pjcgpg8crj6ba56p330b9k8cqk2ba26gok8ba364s4ac9i8cr38ea48o,ml,course,kaggle,explainability,0.5
_8h2k2hhn88rj6ba46oq32b9k6kr36ba16h132b9i8h1k6gpn6kq38h1p6s,social,liad,,,1.0
_651j6ci465146b9g74p36b9k612j0b9p8or38b9p84qjeh1m6p23ch1o6g,ml,course,kaggle,explainability,0.5
_8h346d9p8kqjiba58grj6b9k6l1k8ba26l23eba68kq32hi16gs3ac9j74,social,siri international,,,6.0
_74q3ih266t2jcb9n84s34b9k6p33ab9p690j2b9n6ss3ge248l138ghm70,burningman,print tickets,,,2.5
_84qjida484s38b9g8gpjib9k8l2jiba170o3cba575344gi38gpjachj6g,social,isaac,,,2.0
_6spjcc9o74pjib9p6l13ab9k6l1kab9o6ssj8ba288s46chg6srj0dhj6o,hackerrank,problem solving,,,3.0
_60sk8da58cs4ab9l8oqj4b9k68s4ab9p74pk2ba46l2kadq461148gph84,ml,music generation,magenta,,3.0
_691j4h9m610j0ba26l1kcb9k8h13ab9p8gs42b9k6kp38e9m8h2jec1p6k,ml,music generation,magenta,,3.0
_6oojgchl6or3aba36d332b9k64ojaba16533gb9m88qjggpj6l238g9p64,burningman,,,,0.0
_6sqkcdq2651jaba189332b9k8kr3cba18cr30b9k6gs3edhg6l13cci16k,burningman,unpacking,,,3.0
_8crjah1i70rj8b9p60q3eb9k6sqk2ba274o3gb9p8opj2ci564pk2hhg6s,social,daniel,,,3.0
_84sj2ci169242b9g8gs3eb9k6p2k2ba28gr3gba66oq30hi6611j2e1j8k,social,javi + jp,,,3.0
_85148dpo60qjgba174s3eb9k6l0j0b9p6t13gba46123ah1k69248gpm70,social,lily,,,7.0
_60s44chl891jab9k8l1jgb9k8d0j0b9p6csjab9k70oj4ghh6kp36chn68,hackerrank,problem solving,,,2.0
_65248ga58d1jiba37513eb9k6ss3ib9p6l248ba68l1j8h2471244e1h8o,what to do,,,,2.0
_88s46hhk8d348b9n8os48b9k64sj4ba18h0kcba56h34ch9g8ks48di574,ml,investments,recession,,3.0
_84p32e9p6l1j2ba46kp3cb9k8p136b9p6gq3cb9m8l24agi370r3cci160,religion vs. homicide/happiness,,,,3.0
_6cq30d1j68sk8b9n6p148b9k8cpj0b9p8kojeb9i6h2kcchi6or48dph8g,system design,,,,3.0
_6l0j2h9g6gojib9j8or46b9k74s3cba18h338ba36sqjidq38p132h9m6k,system design,,,,3.0
_8kpk2cpm8gp3gb9i6h2kcb9k7533cb9p8523ab9p6os3ih1i651j8dq48c,social,javi,,,3.0
_6oo32h1k8cr36b9m692jib9k751jaba168q44ba56p144hhg70pj0d1k6o,hackerrank,problem solving,,,2.0
_6d1k2c9k852k8b9n6l1k8b9k8gojcba170skab9l70p30h1j7113acpi60,ml,music generation,magenta,,2.0
_60p48e2468q3cba470q3ab9k6p1j2ba1650jgb9k88rjaci58coj4d9p6s,ml,music generation,magenta,,2.0
_8kojgd1l8h1kcb9p8co3ib9k6cpkab9o6l146b9m60qjgca46l334hhk8o,cleanup,bathroom,,,1.0
_8gs44gho8krj2ba38gq3gb9k6l230ba26p246b9h892j2d1p6kpj6ga56g,groceries,,,,1.0
_74qk2ci28kr3ab9g6co3cb9k64s3ab9p8kpj2b9m8h1j4ga688sj8chj70,ml,course,tensorflow,,1.0
_70r4ce9m6krj0b9h60p4ab9k84r30b9o8kr46b9h6grj0h256sq3ah1g6o,ml,course,tensorflow,,1.0
_70r4cdho8d23gba28orjgb9k6l34ab9p8l1k8b9o8go3ce1g6so3agq664,ml,course,tensorflow,,1.0
_8op4aea165244ba66oq36b9k74oj8b9p6l2j8b9p8cp48d9m692jedhh88,social,sean,,,1.0
_88ok2ea16d0kcb9j84p3eb9k6oqk8ba174o4ab9k8kq42ca66d1j0gpo8g,hackerrank,problem solving,,,1.0
_6513cdpk70o44b9k69232b9k70qk8b9o61330b9l711j0d1j6t0jggpg88,social,vicky,,,8.0
_70qj0hi584pjab9j6ksjab9k84skab9o8kq32ba464sj6c1h6h0jahhi8g,social,javi + jp,,,3.0
_60q4ag9k8op36b9i8kok4b9k70pkab9o8kq3ab9j8gskadq670q34gi660,nihilism,,,,2.0
_64o44gq46ko46b9o64okcb9k88o3cb9o6h0j0b9i8kr46cpn8oskcdho64,social,vicky,,,8.0
_6gojee1h8gs46ba28osk8b9k8l1j4ba284r4ab9h8d0kad1p88rk2dpg8k,ml,investments,news2roi,plan,1.0
_6opj6hhl8os3iba66ks3ib9k890k8ba188ok4b9h6kr3ge1i652jad9l6o,social,sella,,,5.5
_89244ci46p142b9p8d13eb9k6kr32b9o6t34cb9l8gs3aea58or38ea56c,correlation between happiness and legalization,,,,2.0
_64rkcc1j6srkab9i8kqj8b9k6kp3eba260rk2b9h692kagq460o3idhm74,correlation happiness sentiment and legalization,,,,2.0
_60s4ahi18gqk4b9j8crk6b9k6oq3eb9o64okcba56d2jcha48h2jce2574,social,shiran,movie,ralph breaks the internet,2.0
_74pkcghh8cokaba56h242b9k8h1k2b9o8orj8b9o6l24ac9p8h13cgi174,ml,investments,news2roi,check sentiment roi correlation,3.0
_6gqj8dpp8p2k2b9g6oq32b9k6kr4cb9p8cp4aba670sjaea66sqjeg9j60,hackerrank,problem solving,,,2.0
_8ksjie2264sk8b9k68qk4b9k8or42ba188oj0b9k8d23agpm60qj2ea56c,beach,,,,1.25
_6t0jed1i74pjcb9o6d244b9k65346b9o6gsj6ba56gs3ahhg8l33ed1n8g,social,mati,,,3.0
_8l2j8hi660o3eb9m8gr4cb9k6t236b9o8kq4cb9j70rjcgq16sq46ga188,social,rsj,,,2.0
_8csj8h9m8krkaba68h1j0b9k60p36b9p6kr3ib9j7514ahhp60skccq66o,ml,course,fastai,2,2.0
_88o3gc236so3ib9h74qj8b9k6oojeba268qj8b9g70s36d9h6ks46h9i6k,check account,,,,1.0
_692jedhg8d338b9o8opk6b9k88p3gb9p60p42b9m8cq3ici66t34adi68c,cleanup,bathroom,,,1.0
_851kae218p1jib9g710jcb9k6cp36ba16ss32b9o8h1k6c2574pjeghh74,haircut,,,,1.0
_68qjgdq38h1jiba188q38b9k8oq34ba27123cba4692jeca46gpj8ha670,social,cambria,,,3.5
_70r3idho8go36b9o71348b9k84o34b9p6oqk8b9h84o30gi384pjid9p84,social,sella,,,3.0
_74pk4cpk85346b9l6d0k6b9k60qjcba28crjgb9j64qjahi460qjggi26o,sick,,,,0.0
_70ojic1h8os30ba1651j0b9k8l23gb9p6p346ba468sjie1o6sq3igq470,social,javi,hardly strictly,,3.0
_68rk8da28p14cb9p6orkab9k70r4aba16l0k4b9g74oj4hi46cp42h1i6k,hackerrank,problem solving,,,2.0
_70oj2e1h6sqkab9o60o42b9k6h0j0ba18p348ba2612j2e1h8cq44ga188,shiran,brunch + library,,,3.0
_71146d1l60q44ba6892j0b9k64rj0b9p8p14cba16t23ad9i8p232e9i64,social,javi,hardly strictly,,3.0
_8d338dq66d0k8b9l7524cb9k74skab9p6so3ib9h8l330e2265144c1n6k,social,sella + mati,kippur,,6.5
_8cq38e9i84ojab9h8grj6b9k8gs34ba269230ba26spk8ghi6t13ccpj6k,social,sella + mati + yoni,,,3.5
_70o3ee1l8534ab9m6l2k2b9k88sj6b9p6l2jib9k88pk4h1p652k2gpk8k,entropy and information,,,,2.0
_6sp48hi16ko44b9o6d23ab9k6t334b9o6sojcb9l6p338hhp88s48d1g8c,ml,investments,news2roi,fastai,2.0
_70s30d1m6krk4ba1892j2b9k890jiba174r44b9m8l2jch218p2jaci18c,ml,investments,news2roi,fastai,2.0
_8l1j2g9i64r30b9p65136b9k6kr4aba18l338b9m650j0c238or3cd9l6c,social,jp,,,6.5
_70pj8dq68p2k8ba674o3cb9k88q34ba288ok2b9m89230dhk70o46ha388,social,jason,,,1.0
_64p34e1p6kq32ba689144b9k70q36ba170oj0ba56krjcchh88rj6d1l74,social,isaac,,,4.0
_6co3gd9n68sjib9o60p3gb9k8cq4ab9p6kq38b9k6cpjge1k8h136da38k,hackerrank,problem solving,,,1.0
_8d1jge9h8csjib9k8gr3eb9k74q4ab9p8cojib9o6l2kcdpn8oq4acq368,shiran,setup help,,,2.0
_6p232d9k64s3ab9i88pj8b9k6l1j4ba26t0jib9k6kp46g9n74p46e1i6o,game changer! how to negotiate with a commercial re owner/cash flow with 4plexes,,,,2.0
_6gs3ada18p14ab9o6csk2b9k8gpk6ba16sp3ib9l8l336dq685232h9p84,ml,investments,news2roi,fastai,3.0
_6opk8e9i6d2k4b9i6cqkcb9k8csk6b9p8p146ba58oo42h1p6p244h1n70,real estate,market search,,,2.0
_8ko4cchj8osk8ba48gqjib9k6gqj0ba28d130b9j8l2j6e9h751j2ha568,real estate,market search,,,2.0
_64rj2cq56p33ab9h6sp3ab9k6h1jeba16d0k6b9g74sj8gpl6p23adpp64,real estate,market search,,,2.0
_60q3gci574p4cb9l8coj0b9k8ooj2b9o70skcb9i8grj0ha36d0jadq66k,real estate,market search,,,2.0
_6goj8dpg84s38b9l8cp34b9k8cp32b9p611jaba26l13cdpm84oj4e1k64,◊ú◊î◊™◊ß◊©◊® ◊ú◊ê◊ú◊ô,,,,0.25
_64s32cq36srj6ba470o30b9k74r34ba168p32b9k89244g9p68s30g9n68,peter & yasser‚Äôs house party,vol. 2,,,3.5
_8gqj2h1o6cpjgba38osjcb9k652jcba18crk8b9k65142dho6ks4aca16c,call with luca,de.shaw,,,1.0
_8h2kcdhm84qjcb9l6113cb9k60pk8b9o8l0jaba388q36d216kq38hi168,real estate,plan,,,2.0
_84p48c23891j8b9i70rjab9k6srjgb9p8crk2ba164pk2chp6oqk4g9l6k,real estate,how to evaluate multifamily,,,2.0
_8gp38d1p6l2k4ba46coj8b9k65146b9p890jeba36gs30hhj690jadho68,real estate,how to evaluate multifamily,,,1.0
_60p46ha661238b9o70o44b9k8oojgb9o8cr32b9i88q44ha46cq38cpg64,social,halloween street party,,,3.0
_751j0ghj84p48b9m6cp3ab9k6134cba16t23cb9m6l14ada56oq44h236g,ml,investments,news2roi,tf,2.0
_851jgea188ok6b9l8krj0b9k692kcba26gq36ba368r3cgq26d13gci36g,◊î◊™◊ß◊©◊® ◊ú loancare,,,,0.5
_8h1jechm75336b9g652j6b9k8or34b9o8p336b9j64pj0hi684r4adpn8o,from $7 to $300m in multifamily assets / investing in your backyard with adus,,,,2.5
_8p24adpo6oqkcb9j60s3ab9k6h332ba16l1j4b9m6d2k8dpo6p23aci26o,ml,investments,news2roi,tf,1.0
_68s3ec1g88sjeba168q44b9k6l33gba26p1k2b9h7123ecpg8d0jedhm68,an ai paper and a drink‚Äî large scale distributed deep learning systems,,,,2.0
_6spkcda16gqjcb9j8p0jib9k74p3gba18kskcb9m6sr46chj6t0j2e9h8k,ml,investments,news2roi,tf,3.0
_6h33ic216orj8b9l6513eb9k8cqj0ba28d33eb9m8gsj6gph6spjidq46g,◊õ◊®◊ò◊ô◊°‚Äè: ‚Äèmlconf sf 2019,,,,10.0
_8crk8ghp851j4ba28l1jeb9k692k2ba268r4ab9j65146ea688sk2c1m70,ml,investments,news2roi,tf,2.0
_8grj4g9p8933ib9j6d33cb9k8crj2ba164qk2b9g8h34ah9i84pkcchk6c,ml,investments,news2roi,tf,3.0
_8go3ee1n6gsk2b9k8ksjab9k64r32ba274p3eb9g7514cd9k69336d2584,ml,investments,news2roi,tf,3.0
_84qk2ha274q46ba38d1jcb9k8d2jeb9p68s46b9l74o48e1h74q32dpm64,trip to yosemite,,,,11.5
_8cs30ci56l2k2b9o64o36b9k6cr32ba28gp38b9l8kqk6dpk6go48di474,trip to death valley,,,,11.5
_88sjeha26914cb9n70sjcb9k84pj2ba18933ib9k6kpkcd9l74p48h216c,trip to grand canyon,,,,11.5
_6h1j6g9m8oo32b9k8os48b9k64rk8b9o6ssjgb9n64pjchi48523ge258o,vegas,,,,11.5
_8kpjehhi88q3gba56t330b9k6t146ba18cpkab9l74p38cpo60s3echn8c,trip to los angeles,,,,11.5
_6923cdhj690jcb9n8l1k4b9k74okcba174pk6b9p8kr34e9k8cr44chg6s,hackerrank,problem solving,,,4.0
_69146e1i712j2b9h6goj2b9k70q3eb9p710jeba18d33agpo64qkac226c,social,sella,,,1.0
_8cs42hhl6gokcb9k752k8b9k88q46b9o60qj8b9l6sq3ccpm6kqkcd9o8k,check account,,,,1.0
_652j2dpk6crj6b9m8crjcb9k70qjaba270q4cb9i8gq34gi568ojaci66k,cleanup,bathroom,,,1.0
_8krk6d218p330b9l68p32b9k6t33ib9p8oo38b9o65146gi464qjeha18o,haircut,,,,1.0
_6gsjidq360pjib9l74sjcb9k6sq42b9o68o3gb9i64rj0hhp8kp3cdi68g,problem solving,leetcode,,,1.0
_6cok6ea160s46b9p6kojab9k8h0jgba18p232b9o68rk4h9o84rjeea568,cleanup,email,,,1.0
_6d23edhg74q3aba36d2j2b9k6533eba168r32b9i8or3gg9g692jchhk6s,investment,startup,,,4.0
_75144h1p8go44b9n6gqj4b9k60r48b9o612jaba484p42gq26sqjed9o74,social,javi,,,2.0
_6kp3aci18h33gb9n8kr4ab9k8cp48ba18kq44b9k70oj4gq574r48d9g6s,what to do,,,,2.0
_6csk6c9j6123ab9p84pj8b9k6krkcb9p84rjeb9h8l244h2688sjgcq574,investments,real estate,analyze syndications,,3.0
_6kp42hhj6913eb9l6923cb9k6d2j0ba18gr44b9m6oqk4gq584s4ccpi68,investments,real estate,find syndications,,3.0
_8gs3cc218kqjib9i610j4b9k8cr3gba16cr3cb9i8oq30gph8co34da284,social,daniel,bachelors part,,0.0
_8op44gpi8p33aba28ks46b9k8p2jcb9o8go4cba675134h2660sj8hi68k,social,eyal barak,,,2.0
_6l142g9i6h1k4ba670pjgb9k8h2jeba16t142b9m64skcgpj612j8h1l8o,investments,real estate,analyze syndications,,3.0
_8csk4h9i691jib9o8h0kab9k612kaba17133gba68gp4ae9n6p0j8c1g8o,social,daniel,birthday,,5.0
_84r4ae246sojgb9l8kq4ab9k852j8ba26kpk2ba58gqjgg9g70pjcc9j8g,what to do,,,,2.0
_84s3ehi46op48ba564q38b9k6opjcba18kok8b9l64s3ch9p8h34cc9o6o,music,how to do music,,,2.0
_6oo44h9n8d33gb9m6kpk6b9k6l232ba28cq36b9p70o32di470pk8ca170,politics,what does the government do,,,3.0
_651k6hho6go4cb9n8cr46b9k711k2ba289136b9l74q4cd268kq46gq174,problem solving,,,,3.0
_68q48hhi6114aba668q44b9k6orj2ba26p2j6b9h6crjge236l138gi164,code,aws ec2,,,4.0
_6p23ggi56123cb9g8d0k8b9k6h1k6b9o6t33gba560p3ge1m8l14cdhp84,social,"avi, likver, idan, eden",,,2.0
_8923ie9h88rjeba26cqjeb9k88skcba26sp30ba174pkch24651jgc2188,social,tal,,,3.0
_88r32e9j8h1k8ba48h1j8b9k8gr38b9p6p0kcba569132e9n6p1jeh1p64,social,elad's family,,,4.0
_70sj0dpi8d2k2ba570o3cb9k650k4ba26cp44ba16ksk6h25850kacpl60,problem solving,,,,2.0
_8osj8dq48gpjeba1850jeb9k6csk4b9p8oqjcb9o6h346g9m6co44e9j84,social,noa,discussion,,2.0
_612j6cq58l34ab9o6kok6b9k6p2k6ba26h13ib9j6sr4chi6612kcha674,social,"nir, erez",,,1.75
